insert into bank.agence(nom, horaires, telephone, adresse) values (
    'Agence Tourisk',
    'Lundi au samedi: 8h-12h, 14h-18h<br/>Dimanche: 9h-11h',
    '0469696969',
    '12 rue des Coccinelles 69003 Lyon'
);
insert into bank.agence(nom, horaires, telephone, adresse) values (
    'Agence Or donné',
    'Lundi au vendredi: 10h30-12h, 14h-15h<br/>Samedi: 10h-11h25',
    '0123456789',
    '31 avenue des Capucines 69007 Lyon'
);

insert into bank.conseiller(login, pwd, nom, prenom, adresse, telephone, mail, idAgence) values (
    'conseiller', 'conseiller',
    'François', 'Fillon',
    'Château Probité Monts dOr', '0908070605',
    'francois.fillon@neant.com', 0
);
insert into bank.conseiller (login, pwd, prenom, nom, adresse, telephone, mail, idAgence) values ('bmottley0', 'FDZpZm', 'Barry', 'Mottley', '4112 Buhler Park', '5385667786', 'bmottley0@twitpic.com', 0);
insert into bank.conseiller (login, pwd, prenom, nom, adresse, telephone, mail, idAgence) values ('lswannie1', 'k4PS7w3zCB', 'Livvyy', 'Swannie', '938 Sachtjen Plaza', '4234186747', 'lswannie1@twitter.com', 0);
insert into bank.conseiller (login, pwd, prenom, nom, adresse, telephone, mail, idAgence) values ('hmacneish2', 'eHvlresEoibz', 'Hoebart', 'MacNeish', '1521 Dottie Pass', '2373244634', 'hmacneish2@redcross.org', 1);
insert into bank.conseiller (login, pwd, prenom, nom, adresse, telephone, mail, idAgence) values ('ewaterhowse3', 'Vhvy4aXU', 'Evelyn', 'Waterhowse', '76365 Cherokee Trail', '2022693902', 'ewaterhowse3@fotki.com', 1);
insert into bank.conseiller (login, pwd, prenom, nom, adresse, telephone, mail, idAgence) values ('bknotte4', 'DeSQWB4H7tza', 'Brigida', 'Knotte', '6996 Morning Place', '2671733110', 'bknotte4@wikimedia.org', 0);
insert into bank.conseiller (login, pwd, prenom, nom, adresse, telephone, mail, idAgence) values ('nlaudham5', 'iAiCYpO1M', 'Nicki', 'Laudham', '8 Pawling Junction', '6698401528', 'nlaudham5@ow.ly', 0);
insert into bank.conseiller (login, pwd, prenom, nom, adresse, telephone, mail, idAgence) values ('arenneke6', 'r5DQq8tAY8Zl', 'Amara', 'Renneke', '45 Troy Court', '6287631766', 'arenneke6@webs.com', 1);
insert into bank.conseiller (login, pwd, prenom, nom, adresse, telephone, mail, idAgence) values ('alittlefield7', 'CUgeOnj', 'Allsun', 'Littlefield', '7 Ramsey Center', '3628735973', 'alittlefield7@jimdo.com', 1);
insert into bank.conseiller (login, pwd, prenom, nom, adresse, telephone, mail, idAgence) values ('owindmill8', 'QTmDvsp3F6', 'Oates', 'Windmill', '21 Fulton Road', '6995433297', 'owindmill8@wikia.com', 0);
insert into bank.conseiller (login, pwd, prenom, nom, adresse, telephone, mail, idAgence) values ('efeast9', 'XWOyKLz1QRgj', 'Ernaline', 'Feast', '1 Summer Ridge Terrace', '7956463792', 'efeast9@etsy.com', 0);
insert into bank.conseiller (login, pwd, prenom, nom, adresse, telephone, mail, idAgence) values ('cmowsdella', '2rPzaaIUyg', 'Cacilie', 'Mowsdell', '3018 Pennsylvania Road', '5027119947', 'cmowsdella@state.gov', 0);
insert into bank.conseiller (login, pwd, prenom, nom, adresse, telephone, mail, idAgence) values ('kbootherb', '8tOr0Cr8', 'Katharine', 'Boother', '15 Katie Pass', '3508521201', 'kbootherb@vistaprint.com', 0);
insert into bank.conseiller (login, pwd, prenom, nom, adresse, telephone, mail, idAgence) values ('ccosinsc', 'qnwmosLiV6z', 'Carilyn', 'Cosins', '187 Raven Junction', '4865467282', 'ccosinsc@ezinearticles.com', 1);
insert into bank.conseiller (login, pwd, prenom, nom, adresse, telephone, mail, idAgence) values ('kdunstond', 'IsBxZF', 'Katha', 'Dunston', '44882 Ilene Court', '5454860151', 'kdunstond@foxnews.com', 1);
insert into bank.conseiller (login, pwd, prenom, nom, adresse, telephone, mail, idAgence) values ('hrandale', 'EiigPfH2', 'Harriette', 'Randal', '94141 Portage Way', '7036092218', 'hrandale@who.int', 1);
insert into bank.client(login, pwd, nom, prenom, adresse, telephone, mail, idConseiller, idAgence) values (
    'client', 'client',
    'Jean-Paul', 'Sartre',
    '1 route du néant', '0000000000',
    'jean-paul.sartre@neant.com', 0, 0
);
insert into bank.client(login, pwd, nom, prenom, adresse, telephone, mail, idConseiller, idAgence) values (
    'client2', 'client2',
    'Simone', 'De Beauvoir',
    '69 rue du Sexe 69009 Lyon', '0202020202',
    'simone.debeauvoir@neant.com', 0, 1
);
insert into bank.client (login, pwd, prenom, nom, adresse, telephone, mail, idConseiller, idAgence) values ('gbuckle1', '4LQVWOdU0AE', 'Gigi', 'Buckle', '4457 Eliot Junction', '9558206636', 'gbuckle1@mtv.com', 12, 0);
insert into bank.client (login, pwd, prenom, nom, adresse, telephone, mail, idConseiller, idAgence) values ('hnapper2', 'RMc9MrYZ0l', 'Hedwiga', 'Napper', '45 Spaight Circle', '8704203953', 'hnapper2@theglobeandmail.com', 2, 0);
insert into bank.client (login, pwd, prenom, nom, adresse, telephone, mail, idConseiller, idAgence) values ('jrosenwasser3', 'Cki22yXJzQd4', 'Jdavie', 'Rosenwasser', '615 Almo Plaza', '6065058146', 'jrosenwasser3@state.tx.us', 5, 0);
insert into bank.client (login, pwd, prenom, nom, adresse, telephone, mail, idConseiller, idAgence) values ('shattigan4', 'taAYtk755H', 'Susi', 'Hattigan', '30881 Stone Corner Avenue', '5249782705', 'shattigan4@blinklist.com', 13, 0);
insert into bank.client (login, pwd, prenom, nom, adresse, telephone, mail, idConseiller, idAgence) values ('sheadington5', 'K9xJmfFoyQC', 'Silvano', 'Headington', '568 Golf Parkway', '3622000932', 'sheadington5@hexun.com', 14, 0);
insert into bank.client (login, pwd, prenom, nom, adresse, telephone, mail, idConseiller, idAgence) values ('fsimmins6', '2OruOaVu6DV', 'Felicle', 'Simmins', '17 Golden Leaf Crossing', '7102599796', 'fsimmins6@seesaa.net', 15, 0);
insert into bank.client (login, pwd, prenom, nom, adresse, telephone, mail, idConseiller, idAgence) values ('tpatey7', 'St7htOXdE4C7', 'Tammy', 'Patey', '2 Johnson Pass', '6971964354', 'tpatey7@quantcast.com', 8, 1);
insert into bank.client (login, pwd, prenom, nom, adresse, telephone, mail, idConseiller, idAgence) values ('jvigrass8', 'f2piMQoj2', 'Jaquelyn', 'Vigrass', '7623 Mariners Cove Court', '6427330914', 'jvigrass8@discuz.net', 13, 0);
insert into bank.client (login, pwd, prenom, nom, adresse, telephone, mail, idConseiller, idAgence) values ('seddis9', 'mZSjx6R6', 'Scarlet', 'Eddis', '12 Sachtjen Terrace', '5318409765', 'seddis9@unblog.fr', 7, 0);
insert into bank.client (login, pwd, prenom, nom, adresse, telephone, mail, idConseiller, idAgence) values ('avanderbeeka', 'ktdPWZTM4WR', 'Adham', 'Van der Beek', '39 Loeprich Junction', '9904804302', 'avanderbeeka@ezinearticles.com', 7, 0);
insert into bank.client (login, pwd, prenom, nom, adresse, telephone, mail, idConseiller, idAgence) values ('slenardb', 'NherO5aVPjwo', 'Stanfield', 'Lenard', '814 Elgar Street', '2142706927', 'slenardb@etsy.com', 12, 0);
insert into bank.client (login, pwd, prenom, nom, adresse, telephone, mail, idConseiller, idAgence) values ('wtremolletc', '9RS4FeGOnoIk', 'Wyn', 'Tremollet', '41692 Rusk Drive', '2472823511', 'wtremolletc@squarespace.com', 14, 1);
insert into bank.client (login, pwd, prenom, nom, adresse, telephone, mail, idConseiller, idAgence) values ('vregod', 'BPux5PsU', 'Vita', 'Rego', '133 Florence Place', '5515084897', 'vregod@mail.ru', 9, 0);
insert into bank.client (login, pwd, prenom, nom, adresse, telephone, mail, idConseiller, idAgence) values ('csynee', 'oNRFIk', 'Caroljean', 'Syne', '88 Doe Crossing Crossing', '4658502152', 'csynee@parallels.com', 15, 1);
insert into bank.client (login, pwd, prenom, nom, adresse, telephone, mail, idConseiller, idAgence) values ('kcrumpef', 'vp37H2', 'Kacey', 'Crumpe', '98943 Eastlawn Crossing', '2047755251', 'kcrumpef@sitemeter.com', 2, 1);
insert into bank.client (login, pwd, prenom, nom, adresse, telephone, mail, idConseiller, idAgence) values ('dlahertyg', '8G0IyqxOduF9', 'Dell', 'Laherty', '6 Beilfuss Place', '8383484645', 'dlahertyg@arizona.edu', 3, 0);
insert into bank.client (login, pwd, prenom, nom, adresse, telephone, mail, idConseiller, idAgence) values ('ralldreh', 'JbzlJK6g', 'Ruben', 'Alldre', '7 Gina Road', '2845020224', 'ralldreh@123-reg.co.uk', 14, 0);
insert into bank.client (login, pwd, prenom, nom, adresse, telephone, mail, idConseiller, idAgence) values ('tdyneleyi', 'nZHIQlTm4', 'Terry', 'Dyneley', '18 Gulseth Park', '5765257469', 'tdyneleyi@vistaprint.com', 8, 0);
insert into bank.client (login, pwd, prenom, nom, adresse, telephone, mail, idConseiller, idAgence) values ('jbrunj', 'kOwH4x', 'Joana', 'Brun', '09 Birchwood Parkway', '4675836865', 'jbrunj@canalblog.com', 10, 0);
insert into bank.client (login, pwd, prenom, nom, adresse, telephone, mail, idConseiller, idAgence) values ('okuresk', 'z1JJTD', 'Ole', 'Kures', '3238 Hudson Junction', '3383150742', 'okuresk@usa.gov', 14, 1);
insert into bank.client (login, pwd, prenom, nom, adresse, telephone, mail, idConseiller, idAgence) values ('jvillel', 'FQBFQuXF4c', 'Jenelle', 'Ville', '32492 Manufacturers Way', '1957193325', 'jvillel@wisc.edu', 10, 1);
insert into bank.client (login, pwd, prenom, nom, adresse, telephone, mail, idConseiller, idAgence) values ('slamberthm', 'k1poxbgpj', 'Sky', 'Lamberth', '3215 Homewood Crossing', '8622688478', 'slamberthm@spiegel.de', 14, 1);
insert into bank.client (login, pwd, prenom, nom, adresse, telephone, mail, idConseiller, idAgence) values ('egiddyn', '6p3vmfyn', 'Ella', 'Giddy', '20164 Harbort Alley', '4509193895', 'egiddyn@netvibes.com', 6, 1);
insert into bank.client (login, pwd, prenom, nom, adresse, telephone, mail, idConseiller, idAgence) values ('staceyo', 'YqtIsYn', 'Seline', 'Tacey', '5 Helena Parkway', '2291218313', 'staceyo@netvibes.com', 4, 1);
insert into bank.client (login, pwd, prenom, nom, adresse, telephone, mail, idConseiller, idAgence) values ('wtildesleyp', 'DY1W5u', 'Willy', 'Tildesley', '59825 Orin Trail', '9284295669', 'wtildesleyp@sciencedaily.com', 14, 0);
insert into bank.client (login, pwd, prenom, nom, adresse, telephone, mail, idConseiller, idAgence) values ('rhentzelerq', 'Yl31fr9', 'Rosemary', 'Hentzeler', '4 Hallows Center', '2057180126', 'rhentzelerq@creativecommons.org', 2, 1);
insert into bank.client (login, pwd, prenom, nom, adresse, telephone, mail, idConseiller, idAgence) values ('rdenisevichr', 'UOBS9pthJTd', 'Romain', 'Denisevich', '326 Thierer Center', '6533229925', 'rdenisevichr@1688.com', 2, 0);
insert into bank.client (login, pwd, prenom, nom, adresse, telephone, mail, idConseiller, idAgence) values ('lbenitos', 'QqDKILiRcyDV', 'Lorna', 'Benito', '332 Manley Avenue', '8348763184', 'lbenitos@fema.gov', 10, 0);
insert into bank.client (login, pwd, prenom, nom, adresse, telephone, mail, idConseiller, idAgence) values ('kcowlint', 'wbgpHRP0GlH', 'Karlie', 'Cowlin', '228 Daystar Circle', '9156243420', 'kcowlint@jigsy.com', 3, 0);
insert into bank.client (login, pwd, prenom, nom, adresse, telephone, mail, idConseiller, idAgence) values ('dhugou', '1UQ9c4', 'Dacie', 'Hugo', '4762 Parkside Street', '1656755780', 'dhugou@dion.ne.jp', 14, 0);
insert into bank.client (login, pwd, prenom, nom, adresse, telephone, mail, idConseiller, idAgence) values ('lstallanv', 'hGXlaW6', 'Lorry', 'Stallan', '26483 Vahlen Place', '5752012667', 'lstallanv@ca.gov', 13, 0);
insert into bank.client (login, pwd, prenom, nom, adresse, telephone, mail, idConseiller, idAgence) values ('lrichtw', 'lxuUcXhIZw', 'Laurena', 'Richt', '0 Banding Circle', '8927556270', 'lrichtw@xinhuanet.com', 3, 1);
insert into bank.client (login, pwd, prenom, nom, adresse, telephone, mail, idConseiller, idAgence) values ('rsyderx', 'gYEenPT4l', 'Rosette', 'Syder', '09 Clyde Gallagher Road', '1605021654', 'rsyderx@sakura.ne.jp', 14, 0);
insert into bank.client (login, pwd, prenom, nom, adresse, telephone, mail, idConseiller, idAgence) values ('jhammertony', '7gfOU6p', 'Joseph', 'Hammerton', '21 Lakeland Trail', '2481434066', 'jhammertony@guardian.co.uk', 6, 0);
insert into bank.client (login, pwd, prenom, nom, adresse, telephone, mail, idConseiller, idAgence) values ('apoupardz', 'OOi4ZqGCI1F', 'Arri', 'Poupard', '1 Truax Place', '7308269532', 'apoupardz@pinterest.com', 10, 1);
insert into bank.client (login, pwd, prenom, nom, adresse, telephone, mail, idConseiller, idAgence) values ('oravenhill10', 'NtC4mMt8SYE', 'Osbourne', 'Ravenhill', '19 Gateway Street', '8302631308', 'oravenhill10@qq.com', 2, 1);
insert into bank.client (login, pwd, prenom, nom, adresse, telephone, mail, idConseiller, idAgence) values ('dditchett11', 'OWDRag', 'Desdemona', 'Ditchett', '671 Ramsey Junction', '7078896899', 'dditchett11@mlb.com', 12, 0);
insert into bank.client (login, pwd, prenom, nom, adresse, telephone, mail, idConseiller, idAgence) values ('rpawlett12', 'HaGZOwh5Ai7', 'Rees', 'Pawlett', '743 Carioca Alley', '7302971344', 'rpawlett12@tinyurl.com', 11, 1);
insert into bank.client (login, pwd, prenom, nom, adresse, telephone, mail, idConseiller, idAgence) values ('rpearton13', 'nyLjsF28n3x', 'Rasla', 'Pearton', '08 Northfield Crossing', '6112756719', 'rpearton13@whitehouse.gov', 0, 0);
insert into bank.client (login, pwd, prenom, nom, adresse, telephone, mail, idConseiller, idAgence) values ('sledgerton14', 'm1us7N', 'Sascha', 'Ledgerton', '5 Hudson Terrace', '6689153634', 'sledgerton14@independent.co.uk', 8, 0);
insert into bank.client (login, pwd, prenom, nom, adresse, telephone, mail, idConseiller, idAgence) values ('oheeley15', 'pDYnixH4iYK', 'Olvan', 'Heeley', '89973 Donald Crossing', '7965368832', 'oheeley15@mysql.com', 7, 0);
insert into bank.client (login, pwd, prenom, nom, adresse, telephone, mail, idConseiller, idAgence) values ('klackey16', '37DD4h7SlRqC', 'Kelcie', 'Lackey', '76955 Golf View Street', '5221628076', 'klackey16@elegantthemes.com', 13, 0);
insert into bank.client (login, pwd, prenom, nom, adresse, telephone, mail, idConseiller, idAgence) values ('rsommerville17', '19JuatDE', 'Rafaela', 'Sommerville', '06941 Meadow Ridge Lane', '5482721303', 'rsommerville17@unblog.fr', 3, 1);
insert into bank.client (login, pwd, prenom, nom, adresse, telephone, mail, idConseiller, idAgence) values ('gkynett18', 'DMMk08mIj6', 'Gabriellia', 'Kynett', '437 Troy Avenue', '2462194870', 'gkynett18@aboutads.info', 13, 0);
insert into bank.client (login, pwd, prenom, nom, adresse, telephone, mail, idConseiller, idAgence) values ('chorsey19', 'v8X6UMoF', 'Cherry', 'Horsey', '52 Autumn Leaf Way', '3744457327', 'chorsey19@drupal.org', 1, 1);
insert into bank.client (login, pwd, prenom, nom, adresse, telephone, mail, idConseiller, idAgence) values ('nmattsson1a', 'TUN113Ss04', 'Nicolais', 'Mattsson', '8960 Schlimgen Parkway', '6609148490', 'nmattsson1a@pinterest.com', 9, 0);
insert into bank.client (login, pwd, prenom, nom, adresse, telephone, mail, idConseiller, idAgence) values ('crapkins1b', 'StZqwQgD', 'Celle', 'Rapkins', '88 Bluejay Drive', '6022125119', 'crapkins1b@nasa.gov', 2, 1);
insert into bank.client (login, pwd, prenom, nom, adresse, telephone, mail, idConseiller, idAgence) values ('gsilverthorn1c', 'CTfaMG', 'Gabriel', 'Silverthorn', '4 Riverside Terrace', '9922640810', 'gsilverthorn1c@umn.edu', 1, 1);
insert into bank.client (login, pwd, prenom, nom, adresse, telephone, mail, idConseiller, idAgence) values ('kwharlton1d', 'wJsJ6vhK5', 'Kerrie', 'Wharlton', '54247 Walton Crossing', '2695550330', 'kwharlton1d@comsenz.com', 6, 0);
insert into bank.client (login, pwd, prenom, nom, adresse, telephone, mail, idConseiller, idAgence) values ('hcropper1e', 'cPDp3PkOZ0l', 'Holmes', 'Cropper', '80 Lawn Crossing', '3688399356', 'hcropper1e@instagram.com', 2, 0);
insert into bank.client (login, pwd, prenom, nom, adresse, telephone, mail, idConseiller, idAgence) values ('godreain1f', 'A7BBFNcxbEp', 'Gabriellia', 'O''Dreain', '714 Bowman Place', '3862992321', 'godreain1f@theglobeandmail.com', 5, 1);
insert into bank.client (login, pwd, prenom, nom, adresse, telephone, mail, idConseiller, idAgence) values ('bbernath1g', 'BdfsTYivi4Oc', 'Bent', 'Bernath', '54 Old Shore Lane', '6368685991', 'bbernath1g@paginegialle.it', 11, 0);
insert into bank.client (login, pwd, prenom, nom, adresse, telephone, mail, idConseiller, idAgence) values ('mnial1h', 'i1tPd4QS', 'Merrie', 'Nial', '76747 Lakewood Street', '5977243023', 'mnial1h@histats.com', 5, 0);
insert into bank.client (login, pwd, prenom, nom, adresse, telephone, mail, idConseiller, idAgence) values ('bharrington1i', 'npWOat', 'Blythe', 'Harrington', '51 Merry Point', '9425866751', 'bharrington1i@cdbaby.com', 5, 1);
insert into bank.client (login, pwd, prenom, nom, adresse, telephone, mail, idConseiller, idAgence) values ('ktschirschky1j', 'ozMFGUowX8u', 'Kelli', 'Tschirschky', '49306 Butternut Avenue', '8328853759', 'ktschirschky1j@parallels.com', 0, 1);
insert into bank.client (login, pwd, prenom, nom, adresse, telephone, mail, idConseiller, idAgence) values ('mdunks1k', 'JIaxsgX', 'Merrick', 'Dunks', '08223 Carioca Lane', '3061785292', 'mdunks1k@disqus.com', 7, 1);
insert into bank.client (login, pwd, prenom, nom, adresse, telephone, mail, idConseiller, idAgence) values ('gboulding1l', 'VjTM5gRPHlZS', 'Godiva', 'Boulding', '7297 Northridge Trail', '3377322244', 'gboulding1l@narod.ru', 12, 1);
insert into bank.client (login, pwd, prenom, nom, adresse, telephone, mail, idConseiller, idAgence) values ('bbirdseye1m', 'WXjQF5I', 'Bunni', 'Birdseye', '1910 Parkside Hill', '9996634987', 'bbirdseye1m@creativecommons.org', 1, 1);
insert into bank.client (login, pwd, prenom, nom, adresse, telephone, mail, idConseiller, idAgence) values ('tdyka1n', 'izgBO2Ygx', 'Tibold', 'Dyka', '07 Evergreen Trail', '8856341306', 'tdyka1n@wikimedia.org', 9, 1);
insert into bank.client (login, pwd, prenom, nom, adresse, telephone, mail, idConseiller, idAgence) values ('aaugar1o', 'qFREs7', 'Amberly', 'Augar', '6977 High Crossing Park', '1459505763', 'aaugar1o@facebook.com', 13, 0);
insert into bank.client (login, pwd, prenom, nom, adresse, telephone, mail, idConseiller, idAgence) values ('rambler1p', 'Uup9lv', 'Rozelle', 'Ambler', '849 Helena Court', '6579337837', 'rambler1p@nasa.gov', 15, 0);
insert into bank.client (login, pwd, prenom, nom, adresse, telephone, mail, idConseiller, idAgence) values ('ustrugnell1q', 'NDeL03WZ', 'Ursulina', 'Strugnell', '009 Bowman Junction', '9435054899', 'ustrugnell1q@columbia.edu', 1, 0);
insert into bank.client (login, pwd, prenom, nom, adresse, telephone, mail, idConseiller, idAgence) values ('brunnalls1r', 'aRGefI5kLD6', 'Brian', 'Runnalls', '23 Pepper Wood Drive', '6356239973', 'brunnalls1r@123-reg.co.uk', 6, 0);
insert into bank.client (login, pwd, prenom, nom, adresse, telephone, mail, idConseiller, idAgence) values ('jtigner1s', 'C6Ox365vTF', 'Judah', 'Tigner', '128 Old Shore Court', '3927597431', 'jtigner1s@oakley.com', 4, 0);
insert into bank.client (login, pwd, prenom, nom, adresse, telephone, mail, idConseiller, idAgence) values ('kaxby1t', 'ZPZpjKY', 'Kendricks', 'Axby', '34 Ohio Parkway', '5884297522', 'kaxby1t@com.com', 8, 0);
insert into bank.client (login, pwd, prenom, nom, adresse, telephone, mail, idConseiller, idAgence) values ('hhaselwood1u', 'WfpGRVIhA', 'Hymie', 'Haselwood', '489 Lotheville Court', '1352246118', 'hhaselwood1u@smh.com.au', 6, 1);
insert into bank.client (login, pwd, prenom, nom, adresse, telephone, mail, idConseiller, idAgence) values ('lmcguffog1v', 'M68kmDJG9GZ1', 'Luci', 'McGuffog', '921 Carioca Pass', '1996626771', 'lmcguffog1v@tmall.com', 5, 1);
insert into bank.client (login, pwd, prenom, nom, adresse, telephone, mail, idConseiller, idAgence) values ('csplaven1w', '9fAbpDRWJJip', 'Carie', 'Splaven', '22410 Chive Way', '8964768731', 'csplaven1w@craigslist.org', 11, 0);
insert into bank.client (login, pwd, prenom, nom, adresse, telephone, mail, idConseiller, idAgence) values ('azapater1x', 'zSoSa1LnwyYk', 'Alden', 'Zapater', '3 Loomis Way', '3487225185', 'azapater1x@taobao.com', 4, 1);
insert into bank.client (login, pwd, prenom, nom, adresse, telephone, mail, idConseiller, idAgence) values ('ydunridge1y', 'WD76s25Y8', 'Yankee', 'Dunridge', '94737 Crescent Oaks Parkway', '7957523152', 'ydunridge1y@miibeian.gov.cn', 12, 0);
insert into bank.client (login, pwd, prenom, nom, adresse, telephone, mail, idConseiller, idAgence) values ('aroles1z', 'Kd0yiYbdU', 'Adrian', 'Roles', '757 Starling Hill', '2495236797', 'aroles1z@columbia.edu', 15, 0);
insert into bank.client (login, pwd, prenom, nom, adresse, telephone, mail, idConseiller, idAgence) values ('dcandlish20', 'QIKhII0', 'Dene', 'Candlish', '7 Springview Lane', '1066821044', 'dcandlish20@w3.org', 6, 0);
insert into bank.client (login, pwd, prenom, nom, adresse, telephone, mail, idConseiller, idAgence) values ('cguly21', 'm8sUFMlWpun', 'Cornela', 'Guly', '8 Amoth Junction', '1906362164', 'cguly21@bravesites.com', 8, 1);
insert into bank.client (login, pwd, prenom, nom, adresse, telephone, mail, idConseiller, idAgence) values ('pcaldairou22', '8zDOG6', 'Patric', 'Caldairou', '6460 Mifflin Center', '1519998342', 'pcaldairou22@umn.edu', 1, 0);
insert into bank.client (login, pwd, prenom, nom, adresse, telephone, mail, idConseiller, idAgence) values ('ystocker23', 'nR6qLuhPG', 'Yolande', 'Stocker', '5 Leroy Hill', '5328714023', 'ystocker23@vkontakte.ru', 10, 0);
insert into bank.client (login, pwd, prenom, nom, adresse, telephone, mail, idConseiller, idAgence) values ('mbraunes24', 'Xm6AH8O1k30m', 'Marchall', 'Braunes', '7390 Sachtjen Point', '3955150240', 'mbraunes24@paginegialle.it', 11, 1);
insert into bank.client (login, pwd, prenom, nom, adresse, telephone, mail, idConseiller, idAgence) values ('rcains25', 'T1Plhdsa5ru8', 'Rosalinde', 'Cains', '8885 3rd Park', '9617497707', 'rcains25@thetimes.co.uk', 12, 1);
insert into bank.client (login, pwd, prenom, nom, adresse, telephone, mail, idConseiller, idAgence) values ('asherville26', 'bSDtKcI41bM', 'Ali', 'Sherville', '94 High Crossing Circle', '9854660033', 'asherville26@cisco.com', 10, 0);
insert into bank.client (login, pwd, prenom, nom, adresse, telephone, mail, idConseiller, idAgence) values ('dsalasar27', '4gEt9jGf7', 'Dulcie', 'Salasar', '3 Stone Corner Circle', '4951132787', 'dsalasar27@uol.com.br', 13, 0);
insert into bank.client (login, pwd, prenom, nom, adresse, telephone, mail, idConseiller, idAgence) values ('rdawkins28', 'zCZYvG', 'Raimund', 'Dawkins', '7450 Butterfield Junction', '7018422332', 'rdawkins28@ibm.com', 7, 1);
insert into bank.client (login, pwd, prenom, nom, adresse, telephone, mail, idConseiller, idAgence) values ('karstall29', 'z5QwVVI', 'Kevina', 'Arstall', '064 Forest Dale Lane', '9747690432', 'karstall29@oaic.gov.au', 10, 0);
insert into bank.client (login, pwd, prenom, nom, adresse, telephone, mail, idConseiller, idAgence) values ('dsegrott2a', 'DAawiGWCRf', 'Dave', 'Segrott', '574 Prairieview Lane', '7943358232', 'dsegrott2a@ed.gov', 0, 1);
insert into bank.client (login, pwd, prenom, nom, adresse, telephone, mail, idConseiller, idAgence) values ('vfitzsimmons2b', 'EQ0AeJLDuj16', 'Vera', 'Fitzsimmons', '048 Tennyson Crossing', '7405952850', 'vfitzsimmons2b@unicef.org', 11, 1);
insert into bank.client (login, pwd, prenom, nom, adresse, telephone, mail, idConseiller, idAgence) values ('mcusworth2c', 'wHemB0D', 'Mace', 'Cusworth', '78 Portage Court', '8189062274', 'mcusworth2c@msn.com', 0, 1);
insert into bank.client (login, pwd, prenom, nom, adresse, telephone, mail, idConseiller, idAgence) values ('mwoan2d', 'QrybnO', 'Marlin', 'Woan', '1408 Karstens Street', '5234820888', 'mwoan2d@state.gov', 0, 0);
insert into bank.client (login, pwd, prenom, nom, adresse, telephone, mail, idConseiller, idAgence) values ('msibthorp2e', 'Z1WBzgctdGJI', 'Mercy', 'Sibthorp', '2308 Corben Circle', '1408905314', 'msibthorp2e@japanpost.jp', 1, 0);
insert into bank.client (login, pwd, prenom, nom, adresse, telephone, mail, idConseiller, idAgence) values ('dcowie2f', 'OWLSQqd', 'Daryl', 'Cowie', '298 Fordem Avenue', '1099171836', 'dcowie2f@japanpost.jp', 0, 0);
insert into bank.client (login, pwd, prenom, nom, adresse, telephone, mail, idConseiller, idAgence) values ('hcozins2g', 'DyKk5y', 'Homer', 'Cozins', '7 Reinke Crossing', '4499297350', 'hcozins2g@indiatimes.com', 8, 0);
insert into bank.client (login, pwd, prenom, nom, adresse, telephone, mail, idConseiller, idAgence) values ('fjanecek2h', 'Q1qzAo', 'Fayina', 'Janecek', '766 Karstens Trail', '5899973114', 'fjanecek2h@arizona.edu', 2, 1);
insert into bank.client (login, pwd, prenom, nom, adresse, telephone, mail, idConseiller, idAgence) values ('ephippard2i', 'PCxqRB7ylz3', 'Erroll', 'Phippard', '038 Schiller Way', '2317780022', 'ephippard2i@pbs.org', 0, 1);
insert into bank.client (login, pwd, prenom, nom, adresse, telephone, mail, idConseiller, idAgence) values ('cswalowe2j', 'Um2IBZot', 'Cory', 'Swalowe', '23 Emmet Avenue', '5754986196', 'cswalowe2j@scribd.com', 1, 1);
insert into bank.client (login, pwd, prenom, nom, adresse, telephone, mail, idConseiller, idAgence) values ('hbowker2k', 'ObLnz8hpAkP', 'Husein', 'Bowker', '72895 Novick Circle', '1391196402', 'hbowker2k@oracle.com', 1, 0);
insert into bank.client (login, pwd, prenom, nom, adresse, telephone, mail, idConseiller, idAgence) values ('abirtwistle2l', 'wSzxYj', 'Arlina', 'Birtwistle', '1310 Melody Lane', '4311281360', 'abirtwistle2l@yelp.com', 12, 1);
insert into bank.client (login, pwd, prenom, nom, adresse, telephone, mail, idConseiller, idAgence) values ('cwayt2m', 'OE9tldDhSX', 'Caitrin', 'Wayt', '9 Sachtjen Alley', '9728634558', 'cwayt2m@cdc.gov', 4, 0);
insert into bank.client (login, pwd, prenom, nom, adresse, telephone, mail, idConseiller, idAgence) values ('fbeagen2n', 'eDtqee8', 'Fancy', 'Beagen', '07406 Huxley Circle', '2474392465', 'fbeagen2n@mit.edu', 9, 1);
insert into bank.client (login, pwd, prenom, nom, adresse, telephone, mail, idConseiller, idAgence) values ('dwilcot2o', 'g5CDA9', 'Diena', 'Wilcot', '91 8th Point', '3051306960', 'dwilcot2o@vk.com', 6, 0);
insert into bank.client (login, pwd, prenom, nom, adresse, telephone, mail, idConseiller, idAgence) values ('jsimonazzi2p', 'zYHw1yP', 'Jodi', 'Simonazzi', '93 Pond Center', '9912132121', 'jsimonazzi2p@jugem.jp', 11, 1);
insert into bank.client (login, pwd, prenom, nom, adresse, telephone, mail, idConseiller, idAgence) values ('fserjeantson2q', 'qtx9HaHmuY', 'Floris', 'Serjeantson', '2 Shelley Hill', '1401820689', 'fserjeantson2q@paypal.com', 15, 1);
insert into bank.client (login, pwd, prenom, nom, adresse, telephone, mail, idConseiller, idAgence) values ('rpallesen2r', 'FjLlCYJJ', 'Randie', 'Pallesen', '1114 Chive Plaza', '1183277098', 'rpallesen2r@bizjournals.com', 6, 1);


insert into bank.compte(ibanCompte, solde) values ('FR76 5847 2947 4759 3573 4731 689', 3267.76);
insert into bank.compte(ibanCompte, solde) values ('FR76 5389 2347 1464 2189 3267 235', -3267.76);
insert into bank.compte(ibanCompte, solde) values ('FR76 5738 4366 6580 3248 7891 663', 8667.62);
insert into bank.compte(ibanCompte, solde) values ('FR76 1577 7927 4942 3273 4706 249', 797.15);

insert into bank.compte(ibanCompte, solde) values ('FR76 2567 7957 3469 8923 5975 235', 12447.23);
insert into bank.compte(ibanCompte, solde) values ('FR76 3468 2356 7538 1573 3467 993', 3.42);
insert into bank.compte(ibanCompte, solde) values ('FR76 1057 7255 9475 2456 1583 586', -967.76);
insert into bank.compte(ibanCompte, solde) values ('FR76 0164 1648 3957 1422 4795 331', -47.76);

insert into bank.clientCompte(idClient, ibanCompte) values
    (0, 'FR76 5847 2947 4759 3573 4731 689');
insert into bank.clientCompte(idClient, ibanCompte) values
    (0, 'FR76 5389 2347 1464 2189 3267 235');
insert into bank.clientCompte(idClient, ibanCompte) values
    (0, 'FR76 5738 4366 6580 3248 7891 663');
insert into bank.clientCompte(idClient, ibanCompte) values
    (0, 'FR76 1577 7927 4942 3273 4706 249');

insert into bank.clientCompte(idClient, ibanCompte) values
    (1, 'FR76 2567 7957 3469 8923 5975 235');
insert into bank.clientCompte(idClient, ibanCompte) values
    (1, 'FR76 3468 2356 7538 1573 3467 993');
insert into bank.clientCompte(idClient, ibanCompte) values
    (1, 'FR76 1057 7255 9475 2456 1583 586');
insert into bank.clientCompte(idClient, ibanCompte) values
    (1, 'FR76 0164 1648 3957 1422 4795 331');


insert into bank.operation (ibanSource, ibanDestinataire, dateOperation, montant, libelle) values
('FR76 5847 2947 4759 3573 4731 689', null, DATE('2017-06-15 09:34:21'), 120, 'RETRAIT MACHINE');
insert into bank.operation (ibanSource, ibanDestinataire, dateOperation, montant, libelle) values
('FR76 5847 2947 4759 3573 4731 689', null, DATE('2018-02-13 06:23:43'), 610, 'RETRAIT MACHINE');
insert into bank.operation (ibanSource, ibanDestinataire, dateOperation, montant, libelle) values
(null, 'FR76 5847 2947 4759 3573 4731 689', DATE('2013-07-31 14:17:18'), 610, 'DEPOT MACHINE');
insert into bank.operation (ibanSource, ibanDestinataire, dateOperation, montant, libelle) values
(null, 'FR76 5847 2947 4759 3573 4731 689', DATE('2015-06-21 14:17:18'), 40, 'DEPOT MACHINE');
insert into bank.operation (ibanSource, ibanDestinataire, dateOperation, montant, libelle) values
('FR76 2567 7957 3469 8923 5975 235', 'FR76 5847 2947 4759 3573 4731 689', DATE('2016-05-12 12:37:21'), 4000, 'VIREMENT DE JEAN-PAUL');

insert into bank.operation (ibanSource, ibanDestinataire, dateOperation, montant, libelle) values
('FR76 2567 7957 3469 8923 5975 235', null, DATE('2014-11-18 19:14:51'), 20, 'RETRAIT MACHINE');
insert into bank.operation (ibanSource, ibanDestinataire, dateOperation, montant, libelle) values
('FR76 2567 7957 3469 8923 5975 235', null, DATE('2015-10-01 11:25:33'), 310, 'RETRAIT MACHINE');
insert into bank.operation (ibanSource, ibanDestinataire, dateOperation, montant, libelle) values
(null, 'FR76 2567 7957 3469 8923 5975 235', DATE('2011-09-30 12:27:48'), 70, 'DEPOT MACHINE');
insert into bank.operation (ibanSource, ibanDestinataire, dateOperation, montant, libelle) values
(null, 'FR76 2567 7957 3469 8923 5975 235', DATE('2012-02-05 21:27:58'), 50, 'DEPOT MACHINE');
insert into bank.operation (ibanSource, ibanDestinataire, dateOperation, montant, libelle) values
('FR76 5847 2947 4759 3573 4731 689', 'FR76 2567 7957 3469 8923 5975 235', DATE('2016-05-12 12:37:21'), 4000, 'VIREMENT A SIMONE');



insert into bank.compte (ibanCompte, solde) values ('MR04 0806 8150 0779 3544 9412 549', 1917.3);
insert into bank.clientCompte(idClient, ibanCompte) values (2, 'MR04 0806 8150 0779 3544 9412 549');
insert into bank.compte (ibanCompte, solde) values ('MT70 RLCD 2199 9LYT DVE7 9YQS BSVW GSZ', 661.29);
insert into bank.clientCompte(idClient, ibanCompte) values (2, 'MT70 RLCD 2199 9LYT DVE7 9YQS BSVW GSZ');
insert into bank.compte (ibanCompte, solde) values ('MD31 3794 BW19 4801 NK6U 9OD4', -2783.09);
insert into bank.clientCompte(idClient, ibanCompte) values (2, 'MD31 3794 BW19 4801 NK6U 9OD4');
insert into bank.clientCompte(idClient, ibanCompte) values (3, 'MD31 3794 BW19 4801 NK6U 9OD4');
insert into bank.compte (ibanCompte, solde) values ('MD31 OUR4 BW19 SD5X NK6U Z8MJ', -362.63);
insert into bank.clientCompte(idClient, ibanCompte) values (3, 'MD31 OUR4 BW19 SD5X NK6U Z8MJ');
insert into bank.compte (ibanCompte, solde) values ('RO98 EJFH RY5Y KMF7 NURP 0U1W', 13477.02);
insert into bank.clientCompte(idClient, ibanCompte) values (3, 'RO98 EJFH RY5Y KMF7 NURP 0U1W');
insert into bank.compte (ibanCompte, solde) values ('PL25 3794 3158 4801 5604 0856 4027', 6588.94);
insert into bank.clientCompte(idClient, ibanCompte) values (3, 'PL25 3794 3158 4801 5604 0856 4027');
insert into bank.clientCompte(idClient, ibanCompte) values (4, 'PL25 3794 3158 4801 5604 0856 4027');
insert into bank.compte (ibanCompte, solde) values ('ES37 1836 6621 6175 4831 5845', 8446.58);
insert into bank.clientCompte(idClient, ibanCompte) values (4, 'ES37 1836 6621 6175 4831 5845');
insert into bank.clientCompte(idClient, ibanCompte) values (5, 'ES37 1836 6621 6175 4831 5845');
insert into bank.compte (ibanCompte, solde) values ('CH55 7585 0XLO B0T4 OODY 8', -14.57);
insert into bank.clientCompte(idClient, ibanCompte) values (4, 'CH55 7585 0XLO B0T4 OODY 8');
insert into bank.compte (ibanCompte, solde) values ('TR40 4463 2LIW 9OD4 HJJT FJEO JY', 13057.95);
insert into bank.clientCompte(idClient, ibanCompte) values (5, 'TR40 4463 2LIW 9OD4 HJJT FJEO JY');
insert into bank.clientCompte(idClient, ibanCompte) values (8, 'TR40 4463 2LIW 9OD4 HJJT FJEO JY');
insert into bank.compte (ibanCompte, solde) values ('PK63 LPJC DX8S APUT CE3A I7FB', 14062.45);
insert into bank.clientCompte(idClient, ibanCompte) values (5, 'PK63 LPJC DX8S APUT CE3A I7FB');
insert into bank.clientCompte(idClient, ibanCompte) values (7, 'PK63 LPJC DX8S APUT CE3A I7FB');
insert into bank.compte (ibanCompte, solde) values ('IS85 6254 4714 9221 8291 4389 28', 4599.14);
insert into bank.clientCompte(idClient, ibanCompte) values (5, 'IS85 6254 4714 9221 8291 4389 28');
insert into bank.compte (ibanCompte, solde) values ('PK63 ES75 DX8S APUT 4043 WVMN', 11083.53);
insert into bank.clientCompte(idClient, ibanCompte) values (6, 'PK63 ES75 DX8S APUT 4043 WVMN');
insert into bank.clientCompte(idClient, ibanCompte) values (7, 'PK63 ES75 DX8S APUT 4043 WVMN');
insert into bank.compte (ibanCompte, solde) values ('NO64 1271 8415 594', 252.86);
insert into bank.clientCompte(idClient, ibanCompte) values (6, 'NO64 1271 8415 594');
insert into bank.compte (ibanCompte, solde) values ('AD37 0115 1020 PSKH 56EF WVMN', 6163.96);
insert into bank.clientCompte(idClient, ibanCompte) values (7, 'AD37 0115 1020 PSKH 56EF WVMN');
insert into bank.clientCompte(idClient, ibanCompte) values (8, 'AD37 0115 1020 PSKH 56EF WVMN');
insert into bank.compte (ibanCompte, solde) values ('ES75 0154 8949 4043 1687 9636', 7903.27);
insert into bank.clientCompte(idClient, ibanCompte) values (7, 'ES75 0154 8949 4043 1687 9636');
insert into bank.compte (ibanCompte, solde) values ('FR42 3054 9474 95LL FLFW 0ZK6 J34', 6906.35);
insert into bank.clientCompte(idClient, ibanCompte) values (7, 'FR42 3054 9474 95LL FLFW 0ZK6 J34');
insert into bank.compte (ibanCompte, solde) values ('LI07 7465 0J0U XRWM IYRJ W', 8451.6);
insert into bank.clientCompte(idClient, ibanCompte) values (7, 'LI07 7465 0J0U XRWM IYRJ W');
insert into bank.compte (ibanCompte, solde) values ('LB30 5575 CPO0 ZJGB QBL3 7XHO QP0O', -3015.94);
insert into bank.clientCompte(idClient, ibanCompte) values (8, 'LB30 5575 CPO0 ZJGB QBL3 7XHO QP0O');
insert into bank.clientCompte(idClient, ibanCompte) values (9, 'LB30 5575 CPO0 ZJGB QBL3 7XHO QP0O');
insert into bank.compte (ibanCompte, solde) values ('TR38 6231 4NQN I4AW HLOY U0U8 OE', 8854.4);
insert into bank.clientCompte(idClient, ibanCompte) values (8, 'TR38 6231 4NQN I4AW HLOY U0U8 OE');
insert into bank.compte (ibanCompte, solde) values ('GL39 3839 5129 0613 61', 3328.78);
insert into bank.clientCompte(idClient, ibanCompte) values (8, 'GL39 3839 5129 0613 61');
insert into bank.compte (ibanCompte, solde) values ('BR60 1907 2600 2421 6177 0188 794A K', 1019.63);
insert into bank.clientCompte(idClient, ibanCompte) values (9, 'BR60 1907 2600 2421 6177 0188 794A K');
insert into bank.clientCompte(idClient, ibanCompte) values (8, 'BR60 1907 2600 2421 6177 0188 794A K');
insert into bank.compte (ibanCompte, solde) values ('LI57 8266 8XXS 5BAT T6UA D', -1125.13);
insert into bank.clientCompte(idClient, ibanCompte) values (10, 'LI57 8266 8XXS 5BAT T6UA D');
insert into bank.compte (ibanCompte, solde) values ('GL88 1206 5397 5038 15', 12725.26);
insert into bank.clientCompte(idClient, ibanCompte) values (10, 'GL88 1206 5397 5038 15');
insert into bank.compte (ibanCompte, solde) values ('TN35 4305 2637 9767 0178 8348', 4582.43);
insert into bank.clientCompte(idClient, ibanCompte) values (10, 'TN35 4305 2637 9767 0178 8348');
insert into bank.compte (ibanCompte, solde) values ('SE77 1708 5003 1422 0835 6193', 11016.85);
insert into bank.clientCompte(idClient, ibanCompte) values (11, 'SE77 1708 5003 1422 0835 6193');
insert into bank.clientCompte(idClient, ibanCompte) values (12, 'SE77 1708 5003 1422 0835 6193');
insert into bank.compte (ibanCompte, solde) values ('AT26 4842 7324 1300 0204', 603.11);
insert into bank.clientCompte(idClient, ibanCompte) values (12, 'AT26 4842 7324 1300 0204');
insert into bank.compte (ibanCompte, solde) values ('LI46 5577 6OLY DMT9 MPKH H', 5654.81);
insert into bank.clientCompte(idClient, ibanCompte) values (13, 'LI46 5577 6OLY DMT9 MPKH H');
insert into bank.clientCompte(idClient, ibanCompte) values (14, 'LI46 5577 6OLY DMT9 MPKH H');
insert into bank.compte (ibanCompte, solde) values ('GR27 8682 864Y DZVR O12F LC1M PCP', 2823.66);
insert into bank.clientCompte(idClient, ibanCompte) values (14, 'GR27 8682 864Y DZVR O12F LC1M PCP');
insert into bank.compte (ibanCompte, solde) values ('FR87 0304 8904 3209 LPCB MOW3 373', 10025.99);
insert into bank.clientCompte(idClient, ibanCompte) values (14, 'FR87 0304 8904 3209 LPCB MOW3 373');
insert into bank.compte (ibanCompte, solde) values ('GI13 LLMA DVV1 QLCA ZEHT QOM', 11595.86);
insert into bank.clientCompte(idClient, ibanCompte) values (14, 'GI13 LLMA DVV1 QLCA ZEHT QOM');
insert into bank.compte (ibanCompte, solde) values ('LT09 6912 4119 4394 2342', -3671.18);
insert into bank.clientCompte(idClient, ibanCompte) values (14, 'LT09 6912 4119 4394 2342');
insert into bank.clientCompte(idClient, ibanCompte) values (15, 'LT09 6912 4119 4394 2342');
insert into bank.compte (ibanCompte, solde) values ('MD27 CIEK VVB8 JMZP CNCY 00B6', 10407.95);
insert into bank.clientCompte(idClient, ibanCompte) values (14, 'MD27 CIEK VVB8 JMZP CNCY 00B6');
insert into bank.clientCompte(idClient, ibanCompte) values (16, 'MD27 CIEK VVB8 JMZP CNCY 00B6');
insert into bank.compte (ibanCompte, solde) values ('SK98 6465 0746 7018 2094 9857', -1373.1);
insert into bank.clientCompte(idClient, ibanCompte) values (14, 'SK98 6465 0746 7018 2094 9857');
insert into bank.compte (ibanCompte, solde) values ('CZ58 2066 5380 7167 3185 5125', 11872.2);
insert into bank.clientCompte(idClient, ibanCompte) values (15, 'CZ58 2066 5380 7167 3185 5125');
insert into bank.compte (ibanCompte, solde) values ('FR35 6589 2670 31P5 6QYC FMEY 483', -3947.98);
insert into bank.clientCompte(idClient, ibanCompte) values (15, 'FR35 6589 2670 31P5 6QYC FMEY 483');
insert into bank.clientCompte(idClient, ibanCompte) values (16, 'FR35 6589 2670 31P5 6QYC FMEY 483');
insert into bank.compte (ibanCompte, solde) values ('MR86 9349 4032 6527 9110 0645 756', 5393.72);
insert into bank.clientCompte(idClient, ibanCompte) values (15, 'MR86 9349 4032 6527 9110 0645 756');
insert into bank.compte (ibanCompte, solde) values ('IS07 9816 8182 7964 8486 4068 27', 7899.69);
insert into bank.clientCompte(idClient, ibanCompte) values (16, 'IS07 9816 8182 7964 8486 4068 27');
insert into bank.compte (ibanCompte, solde) values ('FI65 1389 9096 7352 13', 14178.57);
insert into bank.clientCompte(idClient, ibanCompte) values (16, 'FI65 1389 9096 7352 13');
insert into bank.compte (ibanCompte, solde) values ('DO86 IQFJ 9681 5599 2915 7697 2121', 7976.01);
insert into bank.clientCompte(idClient, ibanCompte) values (16, 'DO86 IQFJ 9681 5599 2915 7697 2121');
insert into bank.compte (ibanCompte, solde) values ('DK40 8537 5846 4874 42', 8372.91);
insert into bank.clientCompte(idClient, ibanCompte) values (17, 'DK40 8537 5846 4874 42');
insert into bank.compte (ibanCompte, solde) values ('SA65 676V SQFK BEHR 1UN3 DQCJ', 8544.63);
insert into bank.clientCompte(idClient, ibanCompte) values (17, 'SA65 676V SQFK BEHR 1UN3 DQCJ');
insert into bank.compte (ibanCompte, solde) values ('SK69 1951 5686 8852 1622 1955', 12357.02);
insert into bank.clientCompte(idClient, ibanCompte) values (17, 'SK69 1951 5686 8852 1622 1955');
insert into bank.clientCompte(idClient, ibanCompte) values (16, 'SK69 1951 5686 8852 1622 1955');
insert into bank.compte (ibanCompte, solde) values ('GT84 ZBAI 6NU7 WIDP 7SV7 MNTG PGPE', 13763.27);
insert into bank.clientCompte(idClient, ibanCompte) values (18, 'GT84 ZBAI 6NU7 WIDP 7SV7 MNTG PGPE');
insert into bank.compte (ibanCompte, solde) values ('DK70 3312 1787 6691 90', 220.25);
insert into bank.clientCompte(idClient, ibanCompte) values (18, 'DK70 3312 1787 6691 90');
insert into bank.compte (ibanCompte, solde) values ('BR40 3182 0727 5368 3513 8423 915T 5', 6845.32);
insert into bank.clientCompte(idClient, ibanCompte) values (19, 'BR40 3182 0727 5368 3513 8423 915T 5');
insert into bank.compte (ibanCompte, solde) values ('MU15 NMTL 7665 3309 2872 7119 856G LM', 7228.96);
insert into bank.clientCompte(idClient, ibanCompte) values (19, 'MU15 NMTL 7665 3309 2872 7119 856G LM');
insert into bank.clientCompte(idClient, ibanCompte) values (20, 'MU15 NMTL 7665 3309 2872 7119 856G LM');
insert into bank.compte (ibanCompte, solde) values ('BH82 LRUC 790Y IY8W LAKJ DR', 8974.63);
insert into bank.clientCompte(idClient, ibanCompte) values (20, 'BH82 LRUC 790Y IY8W LAKJ DR');
insert into bank.clientCompte(idClient, ibanCompte) values (2, 'BH82 LRUC 790Y IY8W LAKJ DR');
insert into bank.compte (ibanCompte, solde) values ('PL76 0039 6860 1364 0721 1330 2326', 11481.1);
insert into bank.clientCompte(idClient, ibanCompte) values (20, 'PL76 0039 6860 1364 0721 1330 2326');
insert into bank.compte (ibanCompte, solde) values ('GL40 8995 2219 3386 10', -851.8);
insert into bank.clientCompte(idClient, ibanCompte) values (21, 'GL40 8995 2219 3386 10');
insert into bank.compte (ibanCompte, solde) values ('FR51 2140 6916 465S 7ESR 70BD U91', 993.92);
insert into bank.clientCompte(idClient, ibanCompte) values (21, 'FR51 2140 6916 465S 7ESR 70BD U91');
insert into bank.compte (ibanCompte, solde) values ('MK49 4217 YZA1 TUGH T88', 7634.43);
insert into bank.clientCompte(idClient, ibanCompte) values (21, 'MK49 4217 YZA1 TUGH T88');
insert into bank.clientCompte(idClient, ibanCompte) values (22, 'MK49 4217 YZA1 TUGH T88');
insert into bank.compte (ibanCompte, solde) values ('SA84 76MR K6YW BDIL LCXB HC2M', -1705.37);
insert into bank.clientCompte(idClient, ibanCompte) values (22, 'SA84 76MR K6YW BDIL LCXB HC2M');
insert into bank.clientCompte(idClient, ibanCompte) values (21, 'SA84 76MR K6YW BDIL LCXB HC2M');
insert into bank.compte (ibanCompte, solde) values ('FR32 7745 5829 01CK 5PIL 9KL8 Q82', 7395.23);
insert into bank.clientCompte(idClient, ibanCompte) values (22, 'FR32 7745 5829 01CK 5PIL 9KL8 Q82');
insert into bank.compte (ibanCompte, solde) values ('FR68 7002 6710 87C9 O3M8 AMIU T65', 6964.77);
insert into bank.clientCompte(idClient, ibanCompte) values (23, 'FR68 7002 6710 87C9 O3M8 AMIU T65');
insert into bank.compte (ibanCompte, solde) values ('AE52 4991 6862 2396 3589 159', 815.93);
insert into bank.clientCompte(idClient, ibanCompte) values (23, 'AE52 4991 6862 2396 3589 159');
insert into bank.clientCompte(idClient, ibanCompte) values (21, 'AE52 4991 6862 2396 3589 159');
insert into bank.compte (ibanCompte, solde) values ('ME31 7309 1397 2410 7357 25', 5200.34);
insert into bank.clientCompte(idClient, ibanCompte) values (23, 'ME31 7309 1397 2410 7357 25');
insert into bank.compte (ibanCompte, solde) values ('RS76 7238 1257 7616 7325 17', 4327.3);
insert into bank.clientCompte(idClient, ibanCompte) values (23, 'RS76 7238 1257 7616 7325 17');
insert into bank.compte (ibanCompte, solde) values ('LV53 XHFU 79RC XBBI 4FBC N', -794.95);
insert into bank.clientCompte(idClient, ibanCompte) values (23, 'LV53 XHFU 79RC XBBI 4FBC N');
insert into bank.compte (ibanCompte, solde) values ('HR37 4792 3451 6162 6537 0', 9461.69);
insert into bank.clientCompte(idClient, ibanCompte) values (24, 'HR37 4792 3451 6162 6537 0');
insert into bank.compte (ibanCompte, solde) values ('BG71 FBCY 3458 46ZJ PKWJ FK', -3865.86);
insert into bank.clientCompte(idClient, ibanCompte) values (24, 'BG71 FBCY 3458 46ZJ PKWJ FK');
insert into bank.compte (ibanCompte, solde) values ('LV51 SIDL C3D6 ZFGZ KHXD Z', 8626.51);
insert into bank.clientCompte(idClient, ibanCompte) values (26, 'LV51 SIDL C3D6 ZFGZ KHXD Z');
insert into bank.clientCompte(idClient, ibanCompte) values (25, 'LV51 SIDL C3D6 ZFGZ KHXD Z');
insert into bank.compte (ibanCompte, solde) values ('PS30 PJYA VVAQ 4DAK LPF6 BYSY EPF2 E', 2605.53);
insert into bank.clientCompte(idClient, ibanCompte) values (26, 'PS30 PJYA VVAQ 4DAK LPF6 BYSY EPF2 E');
insert into bank.compte (ibanCompte, solde) values ('PS25 XRYU MKN7 UQ16 UGPK FZVF SCYF T', 4782.79);
insert into bank.clientCompte(idClient, ibanCompte) values (23, 'PS25 XRYU MKN7 UQ16 UGPK FZVF SCYF T');
insert into bank.clientCompte(idClient, ibanCompte) values (26, 'PS25 XRYU MKN7 UQ16 UGPK FZVF SCYF T');
insert into bank.compte (ibanCompte, solde) values ('GT82 ZP8O APVV MBBT KHA1 LIED MJZV', 215.61);
insert into bank.clientCompte(idClient, ibanCompte) values (27, 'GT82 ZP8O APVV MBBT KHA1 LIED MJZV');
insert into bank.compte (ibanCompte, solde) values ('TN39 9033 9964 6180 9501 4734', -68.0);
insert into bank.clientCompte(idClient, ibanCompte) values (28, 'TN39 9033 9964 6180 9501 4734');
insert into bank.compte (ibanCompte, solde) values ('PK93 CKTJ TBXS S0DF EXYB J2VF', 8909.54);
insert into bank.clientCompte(idClient, ibanCompte) values (28, 'PK93 CKTJ TBXS S0DF EXYB J2VF');
insert into bank.compte (ibanCompte, solde) values ('AL84 0737 5920 JDWE KYSH MRX4 1BRJ', -3551.8);
insert into bank.clientCompte(idClient, ibanCompte) values (28, 'AL84 0737 5920 JDWE KYSH MRX4 1BRJ');
insert into bank.clientCompte(idClient, ibanCompte) values (27, 'AL84 0737 5920 JDWE KYSH MRX4 1BRJ');
insert into bank.compte (ibanCompte, solde) values ('MC34 3240 2278 0350 RGDK HAH5 K63', 7304.14);
insert into bank.clientCompte(idClient, ibanCompte) values (28, 'MC34 3240 2278 0350 RGDK HAH5 K63');
insert into bank.compte (ibanCompte, solde) values ('AT16 8020 3712 2000 5924', 8906.97);
insert into bank.clientCompte(idClient, ibanCompte) values (28, 'AT16 8020 3712 2000 5924');
insert into bank.compte (ibanCompte, solde) values ('FR03 5402 5823 54HN UCTS RQYW Z09', 13102.31);
insert into bank.clientCompte(idClient, ibanCompte) values (28, 'FR03 5402 5823 54HN UCTS RQYW Z09');
insert into bank.clientCompte(idClient, ibanCompte) values (23, 'FR03 5402 5823 54HN UCTS RQYW Z09');
insert into bank.compte (ibanCompte, solde) values ('LB84 8554 3CLB YAAL UI8D 2MOF Z8JO', 8689.09);
insert into bank.clientCompte(idClient, ibanCompte) values (29, 'LB84 8554 3CLB YAAL UI8D 2MOF Z8JO');
insert into bank.compte (ibanCompte, solde) values ('LB84 4734 3712 YAAL 0350 2MOF Z8JO', 2724.47);
insert into bank.clientCompte(idClient, ibanCompte) values (30, 'LB84 4734 3712 YAAL 0350 2MOF Z8JO');
insert into bank.clientCompte(idClient, ibanCompte) values (31, 'LB84 4734 3712 YAAL 0350 2MOF Z8JO');
insert into bank.compte (ibanCompte, solde) values ('LV26 NUPX JJ5T UPT0 QON0 G', 11375.24);
insert into bank.clientCompte(idClient, ibanCompte) values (31, 'LV26 NUPX JJ5T UPT0 QON0 G');
insert into bank.compte (ibanCompte, solde) values ('MR88 0700 4809 1474 4689 6689 468', 826.57);
insert into bank.clientCompte(idClient, ibanCompte) values (31, 'MR88 0700 4809 1474 4689 6689 468');
insert into bank.compte (ibanCompte, solde) values ('FR92 9508 1602 13FP RCSR RU2Q X64', 7510.29);
insert into bank.clientCompte(idClient, ibanCompte) values (31, 'FR92 9508 1602 13FP RCSR RU2Q X64');
insert into bank.clientCompte(idClient, ibanCompte) values (30, 'FR92 9508 1602 13FP RCSR RU2Q X64');
insert into bank.compte (ibanCompte, solde) values ('TN29 1508 6850 5625 7069 8411', 1556.42);
insert into bank.clientCompte(idClient, ibanCompte) values (32, 'TN29 1508 6850 5625 7069 8411');
insert into bank.compte (ibanCompte, solde) values ('BA83 6552 8862 9019 7516', 2143.2);
insert into bank.clientCompte(idClient, ibanCompte) values (32, 'BA83 6552 8862 9019 7516');
insert into bank.compte (ibanCompte, solde) values ('AE93 6896 5942 6424 7840 290', 8750.41);
insert into bank.clientCompte(idClient, ibanCompte) values (32, 'AE93 6896 5942 6424 7840 290');
insert into bank.clientCompte(idClient, ibanCompte) values (31, 'AE93 6896 5942 6424 7840 290');
insert into bank.compte (ibanCompte, solde) values ('CR54 3677 6572 8997 1883 4', -1181.2);
insert into bank.clientCompte(idClient, ibanCompte) values (33, 'CR54 3677 6572 8997 1883 4');
insert into bank.compte (ibanCompte, solde) values ('KZ88 124S GSWB FTN8 XZD4', 13104.45);
insert into bank.clientCompte(idClient, ibanCompte) values (33, 'KZ88 124S GSWB FTN8 XZD4');
insert into bank.compte (ibanCompte, solde) values ('TN78 0062 3451 4677 6160 9011', 2195.92);
insert into bank.clientCompte(idClient, ibanCompte) values (33, 'TN78 0062 3451 4677 6160 9011');
insert into bank.clientCompte(idClient, ibanCompte) values (34, 'TN78 0062 3451 4677 6160 9011');
insert into bank.compte (ibanCompte, solde) values ('FR45 1267 2683 949O 26BE FPT8 T72', -2353.81);
insert into bank.clientCompte(idClient, ibanCompte) values (34, 'FR45 1267 2683 949O 26BE FPT8 T72');
insert into bank.compte (ibanCompte, solde) values ('CY03 2858 5843 Y8WO 6KBQ 3V5J LMUC', 13088.88);
insert into bank.clientCompte(idClient, ibanCompte) values (34, 'CY03 2858 5843 Y8WO 6KBQ 3V5J LMUC');
insert into bank.compte (ibanCompte, solde) values ('MD73 C321 6I6W LBJ0 HRDH JBZX', 9941.68);
insert into bank.clientCompte(idClient, ibanCompte) values (34, 'MD73 C321 6I6W LBJ0 HRDH JBZX');
insert into bank.compte (ibanCompte, solde) values ('FR29 2987 7964 292A 8ONY 39AV H42', 4885.0);
insert into bank.clientCompte(idClient, ibanCompte) values (35, 'FR29 2987 7964 292A 8ONY 39AV H42');
insert into bank.clientCompte(idClient, ibanCompte) values (36, 'FR29 2987 7964 292A 8ONY 39AV H42');
insert into bank.compte (ibanCompte, solde) values ('CZ80 5185 4983 2034 4370 6225', 7034.24);
insert into bank.clientCompte(idClient, ibanCompte) values (35, 'CZ80 5185 4983 2034 4370 6225');
insert into bank.compte (ibanCompte, solde) values ('SM02 Z699 8413 878R ZCZ1 8SJK FB2', 1507.43);
insert into bank.clientCompte(idClient, ibanCompte) values (35, 'SM02 Z699 8413 878R ZCZ1 8SJK FB2');
insert into bank.compte (ibanCompte, solde) values ('SE13 1684 3095 0352 0528 1606', 6779.48);
insert into bank.clientCompte(idClient, ibanCompte) values (36, 'SE13 1684 3095 0352 0528 1606');
insert into bank.compte (ibanCompte, solde) values ('LU11 9343 V6LG INCP QFJV', 12114.48);
insert into bank.clientCompte(idClient, ibanCompte) values (36, 'LU11 9343 V6LG INCP QFJV');
insert into bank.clientCompte(idClient, ibanCompte) values (35, 'LU11 9343 V6LG INCP QFJV');
insert into bank.compte (ibanCompte, solde) values ('NL16 KVLB 2121 0517 62', 3637.53);
insert into bank.clientCompte(idClient, ibanCompte) values (36, 'NL16 KVLB 2121 0517 62');
insert into bank.compte (ibanCompte, solde) values ('CZ09 5838 3603 1303 2475 8784', 2860.67);
insert into bank.clientCompte(idClient, ibanCompte) values (37, 'CZ09 5838 3603 1303 2475 8784');
insert into bank.compte (ibanCompte, solde) values ('GI60 JHQT WDCD X7IZ 5LYS SYM', 14273.64);
insert into bank.clientCompte(idClient, ibanCompte) values (37, 'GI60 JHQT WDCD X7IZ 5LYS SYM');
insert into bank.compte (ibanCompte, solde) values ('FR63 4454 7641 84PI JFUS 8AWK 936', -391.49);
insert into bank.clientCompte(idClient, ibanCompte) values (37, 'FR63 4454 7641 84PI JFUS 8AWK 936');
insert into bank.compte (ibanCompte, solde) values ('AD66 4333 1770 TUR9 X1MM FH7C', 8067.22);
insert into bank.clientCompte(idClient, ibanCompte) values (38, 'AD66 4333 1770 TUR9 X1MM FH7C');
insert into bank.clientCompte(idClient, ibanCompte) values (37, 'AD66 4333 1770 TUR9 X1MM FH7C');
insert into bank.compte (ibanCompte, solde) values ('GR39 9993 528G BNRS EBSS P7HY CT1', 9936.48);
insert into bank.clientCompte(idClient, ibanCompte) values (38, 'GR39 9993 528G BNRS EBSS P7HY CT1');
insert into bank.compte (ibanCompte, solde) values ('EE70 8426 2515 1677 5623', 13744.97);
insert into bank.clientCompte(idClient, ibanCompte) values (38, 'EE70 8426 2515 1677 5623');
insert into bank.clientCompte(idClient, ibanCompte) values (37, 'EE70 8426 2515 1677 5623');
insert into bank.compte (ibanCompte, solde) values ('PL72 6533 0387 1629 8334 8755 3987', 12559.09);
insert into bank.clientCompte(idClient, ibanCompte) values (39, 'PL72 6533 0387 1629 8334 8755 3987');
insert into bank.compte (ibanCompte, solde) values ('LT74 4460 4654 8196 9747', 3967.98);
insert into bank.clientCompte(idClient, ibanCompte) values (39, 'LT74 4460 4654 8196 9747');
insert into bank.compte (ibanCompte, solde) values ('CY02 0850 9648 VFCC RXYE CRZZ 5D9K', 1320.11);
insert into bank.clientCompte(idClient, ibanCompte) values (39, 'CY02 0850 9648 VFCC RXYE CRZZ 5D9K');
insert into bank.clientCompte(idClient, ibanCompte) values (40, 'CY02 0850 9648 VFCC RXYE CRZZ 5D9K');
insert into bank.compte (ibanCompte, solde) values ('IE87 LNOI 1057 6615 3414 27', 8870.2);
insert into bank.clientCompte(idClient, ibanCompte) values (40, 'IE87 LNOI 1057 6615 3414 27');
insert into bank.compte (ibanCompte, solde) values ('AD93 3822 9472 HTFH S0RO CEBK', 12743.84);
insert into bank.clientCompte(idClient, ibanCompte) values (40, 'AD93 3822 9472 HTFH S0RO CEBK');
insert into bank.clientCompte(idClient, ibanCompte) values (39, 'AD93 3822 9472 HTFH S0RO CEBK');
insert into bank.compte (ibanCompte, solde) values ('AD93 3822 9472 HTFH 6732 CEBK', 9563.29);
insert into bank.clientCompte(idClient, ibanCompte) values (40, 'AD93 3822 9472 HTFH 6732 CEBK');
insert into bank.compte (ibanCompte, solde) values ('MD96 A4JV CPXE YPPV AP5Y WYJH', -3003.36);
insert into bank.clientCompte(idClient, ibanCompte) values (41, 'MD96 A4JV CPXE YPPV AP5Y WYJH');
insert into bank.compte (ibanCompte, solde) values ('MC16 7692 6355 93IL H3YC NW3D S36', -3815.31);
insert into bank.clientCompte(idClient, ibanCompte) values (41, 'MC16 7692 6355 93IL H3YC NW3D S36');
insert into bank.clientCompte(idClient, ibanCompte) values (43, 'MC16 7692 6355 93IL H3YC NW3D S36');
insert into bank.compte (ibanCompte, solde) values ('LU70 026J RASX 6AJS TPZU', 11009.7);
insert into bank.clientCompte(idClient, ibanCompte) values (41, 'LU70 026J RASX 6AJS TPZU');
insert into bank.compte (ibanCompte, solde) values ('FR58 6108 8509 02GS PHBA OCOB G53', 12664.29);
insert into bank.clientCompte(idClient, ibanCompte) values (42, 'FR58 6108 8509 02GS PHBA OCOB G53');
insert into bank.compte (ibanCompte, solde) values ('HU07 3500 1729 0804 2970 4119 6589', -3209.17);
insert into bank.clientCompte(idClient, ibanCompte) values (43, 'HU07 3500 1729 0804 2970 4119 6589');
insert into bank.clientCompte(idClient, ibanCompte) values (44, 'HU07 3500 1729 0804 2970 4119 6589');
insert into bank.compte (ibanCompte, solde) values ('HU41 9884 1040 1809 4505 1939 6012', -3464.93);
insert into bank.clientCompte(idClient, ibanCompte) values (43, 'HU41 9884 1040 1809 4505 1939 6012');
insert into bank.compte (ibanCompte, solde) values ('MT97 EBSZ 1936 6V57 OXS7 RM8Y EQRA B8S', 4012.8);
insert into bank.clientCompte(idClient, ibanCompte) values (43, 'MT97 EBSZ 1936 6V57 OXS7 RM8Y EQRA B8S');
insert into bank.compte (ibanCompte, solde) values ('BR08 8319 4665 0389 8088 2160 213Z 1', 8977.83);
insert into bank.clientCompte(idClient, ibanCompte) values (43, 'BR08 8319 4665 0389 8088 2160 213Z 1');
insert into bank.clientCompte(idClient, ibanCompte) values (45, 'BR08 8319 4665 0389 8088 2160 213Z 1');
insert into bank.compte (ibanCompte, solde) values ('FI43 3625 1908 3553 94', 8034.67);
insert into bank.clientCompte(idClient, ibanCompte) values (43, 'FI43 3625 1908 3553 94');
insert into bank.compte (ibanCompte, solde) values ('MU54 RVBB 9079 5638 8210 3109 207R NW', -1366.79);
insert into bank.clientCompte(idClient, ibanCompte) values (43, 'MU54 RVBB 9079 5638 8210 3109 207R NW');
insert into bank.clientCompte(idClient, ibanCompte) values (44, 'MU54 RVBB 9079 5638 8210 3109 207R NW');
insert into bank.compte (ibanCompte, solde) values ('LU26 943O OEOG XGZH HT4L', -1609.78);
insert into bank.clientCompte(idClient, ibanCompte) values (43, 'LU26 943O OEOG XGZH HT4L');
insert into bank.compte (ibanCompte, solde) values ('PS50 QVQE ERT4 B2AQ C8BK 4LZI BJYJ A', 6947.55);
insert into bank.clientCompte(idClient, ibanCompte) values (44, 'PS50 QVQE ERT4 B2AQ C8BK 4LZI BJYJ A');
insert into bank.compte (ibanCompte, solde) values ('ME90 9484 7711 1482 6964 80', 8440.28);
insert into bank.clientCompte(idClient, ibanCompte) values (45, 'ME90 9484 7711 1482 6964 80');
insert into bank.clientCompte(idClient, ibanCompte) values (43, 'ME90 9484 7711 1482 6964 80');
insert into bank.compte (ibanCompte, solde) values ('GE42 NN89 7460 4618 1099 56', 2881.24);
insert into bank.clientCompte(idClient, ibanCompte) values (46, 'GE42 NN89 7460 4618 1099 56');
insert into bank.compte (ibanCompte, solde) values ('KW72 QNZT SZGC DJVC KXXY 8CLN VJ46 2G', -1470.49);
insert into bank.clientCompte(idClient, ibanCompte) values (47, 'KW72 QNZT SZGC DJVC KXXY 8CLN VJ46 2G');
insert into bank.compte (ibanCompte, solde) values ('AL66 1536 5257 3FCY VBIF NI0P WCL6', 5451.12);
insert into bank.clientCompte(idClient, ibanCompte) values (48, 'AL66 1536 5257 3FCY VBIF NI0P WCL6');
insert into bank.clientCompte(idClient, ibanCompte) values (46, 'AL66 1536 5257 3FCY VBIF NI0P WCL6');
insert into bank.compte (ibanCompte, solde) values ('FR17 7775 5095 12J4 HH41 EEO1 J51', -2832.68);
insert into bank.clientCompte(idClient, ibanCompte) values (49, 'FR17 7775 5095 12J4 HH41 EEO1 J51');
insert into bank.clientCompte(idClient, ibanCompte) values (46, 'FR17 7775 5095 12J4 HH41 EEO1 J51');
insert into bank.compte (ibanCompte, solde) values ('MD18 VJAE QHOO OSHX KRZK UUIC', 1172.87);
insert into bank.clientCompte(idClient, ibanCompte) values (50, 'MD18 VJAE QHOO OSHX KRZK UUIC');
insert into bank.compte (ibanCompte, solde) values ('ES85 9754 1190 6386 0227 7937', 9632.68);
insert into bank.clientCompte(idClient, ibanCompte) values (50, 'ES85 9754 1190 6386 0227 7937');
insert into bank.compte (ibanCompte, solde) values ('NO88 3878 5367 461', -2662.28);
insert into bank.clientCompte(idClient, ibanCompte) values (51, 'NO88 3878 5367 461');
insert into bank.clientCompte(idClient, ibanCompte) values (52, 'NO88 3878 5367 461');
insert into bank.compte (ibanCompte, solde) values ('CZ74 2540 4752 6527 0921 7188', -1786.44);
insert into bank.clientCompte(idClient, ibanCompte) values (51, 'CZ74 2540 4752 6527 0921 7188');
insert into bank.compte (ibanCompte, solde) values ('SE43 1455 1297 3445 3589 6532', 4415.2);
insert into bank.clientCompte(idClient, ibanCompte) values (51, 'SE43 1455 1297 3445 3589 6532');
insert into bank.compte (ibanCompte, solde) values ('IT11 P668 5292 2503 18L8 PVPB XEJ', 7020.3);
insert into bank.clientCompte(idClient, ibanCompte) values (52, 'IT11 P668 5292 2503 18L8 PVPB XEJ');
insert into bank.clientCompte(idClient, ibanCompte) values (51, 'IT11 P668 5292 2503 18L8 PVPB XEJ');
insert into bank.compte (ibanCompte, solde) values ('FR19 7539 8157 84MJ 4OCJ XBED 304', 6362.39);
insert into bank.clientCompte(idClient, ibanCompte) values (52, 'FR19 7539 8157 84MJ 4OCJ XBED 304');
insert into bank.compte (ibanCompte, solde) values ('FR23 2480 6925 32RE GQM6 LFDB A65', 10069.23);
insert into bank.clientCompte(idClient, ibanCompte) values (52, 'FR23 2480 6925 32RE GQM6 LFDB A65');
insert into bank.compte (ibanCompte, solde) values ('GB03 DYGC 4823 5664 7064 59', -2493.99);
insert into bank.clientCompte(idClient, ibanCompte) values (52, 'GB03 DYGC 4823 5664 7064 59');
insert into bank.compte (ibanCompte, solde) values ('TR50 3243 8UGO XRBA QUU4 HU1V EW', -2863.98);
insert into bank.clientCompte(idClient, ibanCompte) values (53, 'TR50 3243 8UGO XRBA QUU4 HU1V EW');
insert into bank.clientCompte(idClient, ibanCompte) values (52, 'TR50 3243 8UGO XRBA QUU4 HU1V EW');
insert into bank.compte (ibanCompte, solde) values ('MT86 RVWG 6381 0DJM 0RK4 R4NF T9V8 LDT', -1468.16);
insert into bank.clientCompte(idClient, ibanCompte) values (53, 'MT86 RVWG 6381 0DJM 0RK4 R4NF T9V8 LDT');
insert into bank.compte (ibanCompte, solde) values ('FR42 3826 6920 49OQ QWAY 9B8J N11', 6085.81);
insert into bank.clientCompte(idClient, ibanCompte) values (53, 'FR42 3826 6920 49OQ QWAY 9B8J N11');
insert into bank.compte (ibanCompte, solde) values ('PL60 1347 0606 8764 5733 2340 7232', 4637.48);
insert into bank.clientCompte(idClient, ibanCompte) values (54, 'PL60 1347 0606 8764 5733 2340 7232');
insert into bank.clientCompte(idClient, ibanCompte) values (55, 'PL60 1347 0606 8764 5733 2340 7232');
insert into bank.compte (ibanCompte, solde) values ('RO45 KOUH CRRS 1WHI N55A HHHJ', 8426.08);
insert into bank.clientCompte(idClient, ibanCompte) values (54, 'RO45 KOUH CRRS 1WHI N55A HHHJ');
insert into bank.compte (ibanCompte, solde) values ('BA93 7884 4549 2320 1568', 12082.06);
insert into bank.clientCompte(idClient, ibanCompte) values (55, 'BA93 7884 4549 2320 1568');
insert into bank.compte (ibanCompte, solde) values ('PL89 4903 0215 9445 1811 2976 5525', 12700.42);
insert into bank.clientCompte(idClient, ibanCompte) values (55, 'PL89 4903 0215 9445 1811 2976 5525');
insert into bank.compte (ibanCompte, solde) values ('ES18 1940 8713 8570 9160 5951', -3937.9);
insert into bank.clientCompte(idClient, ibanCompte) values (55, 'ES18 1940 8713 8570 9160 5951');
insert into bank.compte (ibanCompte, solde) values ('CY25 7325 5243 HD3X 4JO7 3E6O N4TG', -941.81);
insert into bank.clientCompte(idClient, ibanCompte) values (55, 'CY25 7325 5243 HD3X 4JO7 3E6O N4TG');
insert into bank.clientCompte(idClient, ibanCompte) values (43, 'CY25 7325 5243 HD3X 4JO7 3E6O N4TG');
insert into bank.compte (ibanCompte, solde) values ('SE87 5389 7054 0598 8075 7595', 6041.16);
insert into bank.clientCompte(idClient, ibanCompte) values (56, 'SE87 5389 7054 0598 8075 7595');
insert into bank.compte (ibanCompte, solde) values ('RO52 VGXC UAHM SWWR PMC9 IXWA', 2050.88);
insert into bank.clientCompte(idClient, ibanCompte) values (56, 'RO52 VGXC UAHM SWWR PMC9 IXWA');
insert into bank.compte (ibanCompte, solde) values ('MU67 LJHQ 2029 4540 8554 3891 588Y OK', 7022.64);
insert into bank.clientCompte(idClient, ibanCompte) values (56, 'MU67 LJHQ 2029 4540 8554 3891 588Y OK');
insert into bank.compte (ibanCompte, solde) values ('MT79 FCQP 3383 8VPS BGLL L7CS JTCX LCI', 547.93);
insert into bank.clientCompte(idClient, ibanCompte) values (57, 'MT79 FCQP 3383 8VPS BGLL L7CS JTCX LCI');
insert into bank.compte (ibanCompte, solde) values ('AD93 3822 3383 HD3X S0RO CEBK', 324.79);
insert into bank.clientCompte(idClient, ibanCompte) values (57, 'AD93 3822 3383 HD3X S0RO CEBK');
insert into bank.clientCompte(idClient, ibanCompte) values (5, 'AD93 3822 3383 HD3X S0RO CEBK');
insert into bank.compte (ibanCompte, solde) values ('GR34 6331 693X WF5R NDTK KCTQ 1NO', 13446.35);
insert into bank.clientCompte(idClient, ibanCompte) values (57, 'GR34 6331 693X WF5R NDTK KCTQ 1NO');
insert into bank.compte (ibanCompte, solde) values ('VG61 LHAR 8524 1268 0617 1905', 5662.5);
insert into bank.clientCompte(idClient, ibanCompte) values (58, 'VG61 LHAR 8524 1268 0617 1905');
insert into bank.compte (ibanCompte, solde) values ('DO06 1AHV 8932 1457 8374 5738 4557', 1039.58);
insert into bank.clientCompte(idClient, ibanCompte) values (58, 'DO06 1AHV 8932 1457 8374 5738 4557');
insert into bank.clientCompte(idClient, ibanCompte) values (54, 'DO06 1AHV 8932 1457 8374 5738 4557');
insert into bank.compte (ibanCompte, solde) values ('PL55 7649 9336 5331 2784 6621 3268', 3699.62);
insert into bank.clientCompte(idClient, ibanCompte) values (58, 'PL55 7649 9336 5331 2784 6621 3268');
insert into bank.compte (ibanCompte, solde) values ('LI49 0792 8HIC SOS3 G31L K', 7336.03);
insert into bank.clientCompte(idClient, ibanCompte) values (59, 'LI49 0792 8HIC SOS3 G31L K');
insert into bank.clientCompte(idClient, ibanCompte) values (6, 'LI49 0792 8HIC SOS3 G31L K');
insert into bank.compte (ibanCompte, solde) values ('FR94 3620 6548 25C1 IR58 YS9C W90', 3799.9);
insert into bank.clientCompte(idClient, ibanCompte) values (59, 'FR94 3620 6548 25C1 IR58 YS9C W90');
insert into bank.clientCompte(idClient, ibanCompte) values (60, 'FR94 3620 6548 25C1 IR58 YS9C W90');
insert into bank.compte (ibanCompte, solde) values ('FR75 6579 5761 28M0 CHRV 1GKB Z42', 11322.53);
insert into bank.clientCompte(idClient, ibanCompte) values (59, 'FR75 6579 5761 28M0 CHRV 1GKB Z42');
insert into bank.compte (ibanCompte, solde) values ('SM28 E525 2681 403N C1GA 4P8B AZD', -2866.11);
insert into bank.clientCompte(idClient, ibanCompte) values (60, 'SM28 E525 2681 403N C1GA 4P8B AZD');
insert into bank.clientCompte(idClient, ibanCompte) values (6, 'SM28 E525 2681 403N C1GA 4P8B AZD');
insert into bank.clientCompte(idClient, ibanCompte) values (60, 'SM28 E525 2681 403N C1GA 4P8B AZD');
insert into bank.compte (ibanCompte, solde) values ('MU72 OJKP 4237 6914 2180 7866 883Z TL', 12769.96);
insert into bank.clientCompte(idClient, ibanCompte) values (60, 'MU72 OJKP 4237 6914 2180 7866 883Z TL');
insert into bank.clientCompte(idClient, ibanCompte) values (64, 'MU72 OJKP 4237 6914 2180 7866 883Z TL');
insert into bank.compte (ibanCompte, solde) values ('MT65 BUPQ 1894 4XC8 VQZH DKDM NTAN 5DA', 2914.48);
insert into bank.clientCompte(idClient, ibanCompte) values (60, 'MT65 BUPQ 1894 4XC8 VQZH DKDM NTAN 5DA');
insert into bank.compte (ibanCompte, solde) values ('GR13 8584 660N PE91 KFMW JVFW GLB', 5702.1);
insert into bank.clientCompte(idClient, ibanCompte) values (61, 'GR13 8584 660N PE91 KFMW JVFW GLB');
insert into bank.clientCompte(idClient, ibanCompte) values (62, 'GR13 8584 660N PE91 KFMW JVFW GLB');
insert into bank.compte (ibanCompte, solde) values ('LV17 TCRF N7UK JGJZ 9WLY 2', -3723.93);
insert into bank.clientCompte(idClient, ibanCompte) values (61, 'LV17 TCRF N7UK JGJZ 9WLY 2');
insert into bank.clientCompte(idClient, ibanCompte) values (62, 'LV17 TCRF N7UK JGJZ 9WLY 2');
insert into bank.compte (ibanCompte, solde) values ('KW19 JBBY AQRD 0M8D EYKH DB8W WKX7 NV', 5881.49);
insert into bank.clientCompte(idClient, ibanCompte) values (61, 'KW19 JBBY AQRD 0M8D EYKH DB8W WKX7 NV');
insert into bank.compte (ibanCompte, solde) values ('BH22 PZXF 9TBI TWIX 3SAM HN', 12712.06);
insert into bank.clientCompte(idClient, ibanCompte) values (62, 'BH22 PZXF 9TBI TWIX 3SAM HN');
insert into bank.compte (ibanCompte, solde) values ('PT49 9367 6090 0131 9113 0044 8', 2956.31);
insert into bank.clientCompte(idClient, ibanCompte) values (62, 'PT49 9367 6090 0131 9113 0044 8');
insert into bank.compte (ibanCompte, solde) values ('CZ74 0132 7543 5889 6442 4955', 2332.97);
insert into bank.clientCompte(idClient, ibanCompte) values (62, 'CZ74 0132 7543 5889 6442 4955');
insert into bank.clientCompte(idClient, ibanCompte) values (60, 'CZ74 0132 7543 5889 6442 4955');
insert into bank.compte (ibanCompte, solde) values ('NL56 LPYZ 4481 0195 08', 8240.97);
insert into bank.clientCompte(idClient, ibanCompte) values (63, 'NL56 LPYZ 4481 0195 08');
insert into bank.compte (ibanCompte, solde) values ('LI69 7676 3WZE RCB7 ULS0 Q', 8177.35);
insert into bank.clientCompte(idClient, ibanCompte) values (63, 'LI69 7676 3WZE RCB7 ULS0 Q');
insert into bank.clientCompte(idClient, ibanCompte) values (61, 'LI69 7676 3WZE RCB7 ULS0 Q');
insert into bank.compte (ibanCompte, solde) values ('SM06 F421 6549 616P ZQR3 DAIE 581', 13866.47);
insert into bank.clientCompte(idClient, ibanCompte) values (63, 'SM06 F421 6549 616P ZQR3 DAIE 581');
insert into bank.compte (ibanCompte, solde) values ('GI86 BTNG UNXR 3IKZ MT6N NY0', 10157.5);
insert into bank.clientCompte(idClient, ibanCompte) values (64, 'GI86 BTNG UNXR 3IKZ MT6N NY0');
insert into bank.clientCompte(idClient, ibanCompte) values (43, 'GI86 BTNG UNXR 3IKZ MT6N NY0');
insert into bank.compte (ibanCompte, solde) values ('BG79 KOLM 2408 53OF 5YAV TI', 1181.58);
insert into bank.clientCompte(idClient, ibanCompte) values (64, 'BG79 KOLM 2408 53OF 5YAV TI');
insert into bank.compte (ibanCompte, solde) values ('KW84 JWVY 50IT AMXG 3BTD 1I9R O1MH FJ', 819.45);
insert into bank.clientCompte(idClient, ibanCompte) values (64, 'KW84 JWVY 50IT AMXG 3BTD 1I9R O1MH FJ');
insert into bank.compte (ibanCompte, solde) values ('IL49 5017 6338 1199 7940 880', 6146.46);
insert into bank.clientCompte(idClient, ibanCompte) values (65, 'IL49 5017 6338 1199 7940 880');
insert into bank.clientCompte(idClient, ibanCompte) values (43, 'IL49 5017 6338 1199 7940 880');
insert into bank.compte (ibanCompte, solde) values ('AT49 8918 9976 4083 3204', 11636.48);
insert into bank.clientCompte(idClient, ibanCompte) values (65, 'AT49 8918 9976 4083 3204');
insert into bank.compte (ibanCompte, solde) values ('FR18 2688 1532 52JE 6PPB 6JJU O42', 3363.46);
insert into bank.clientCompte(idClient, ibanCompte) values (66, 'FR18 2688 1532 52JE 6PPB 6JJU O42');
insert into bank.compte (ibanCompte, solde) values ('MD12 EHF8 EMDH 2MNS EJTW BCTU', -2153.44);
insert into bank.clientCompte(idClient, ibanCompte) values (66, 'MD12 EHF8 EMDH 2MNS EJTW BCTU');
insert into bank.clientCompte(idClient, ibanCompte) values (99, 'MD12 EHF8 EMDH 2MNS EJTW BCTU');
insert into bank.compte (ibanCompte, solde) values ('FR20 1103 0103 52KZ RIQB TTN5 V98', 1847.95);
insert into bank.clientCompte(idClient, ibanCompte) values (66, 'FR20 1103 0103 52KZ RIQB TTN5 V98');
insert into bank.clientCompte(idClient, ibanCompte) values (69, 'FR20 1103 0103 52KZ RIQB TTN5 V98');
insert into bank.compte (ibanCompte, solde) values ('HU06 0305 5197 7151 5971 7870 3033', 6457.39);
insert into bank.clientCompte(idClient, ibanCompte) values (67, 'HU06 0305 5197 7151 5971 7870 3033');
insert into bank.clientCompte(idClient, ibanCompte) values (68, 'HU06 0305 5197 7151 5971 7870 3033');
insert into bank.compte (ibanCompte, solde) values ('MK86 271O SKC7 ZVMP Y86', 4937.05);
insert into bank.clientCompte(idClient, ibanCompte) values (67, 'MK86 271O SKC7 ZVMP Y86');
insert into bank.compte (ibanCompte, solde) values ('RO58 OCKA LBQU NCYN 1ODT 7SIR', -582.72);
insert into bank.clientCompte(idClient, ibanCompte) values (67, 'RO58 OCKA LBQU NCYN 1ODT 7SIR');
insert into bank.clientCompte(idClient, ibanCompte) values (69, 'RO58 OCKA LBQU NCYN 1ODT 7SIR');
insert into bank.compte (ibanCompte, solde) values ('EE39 3058 1599 4095 4393', 5721.94);
insert into bank.clientCompte(idClient, ibanCompte) values (68, 'EE39 3058 1599 4095 4393');
insert into bank.compte (ibanCompte, solde) values ('PL84 6116 5553 9270 8555 3269 4028', 2294.09);
insert into bank.clientCompte(idClient, ibanCompte) values (68, 'PL84 6116 5553 9270 8555 3269 4028');
insert into bank.compte (ibanCompte, solde) values ('LU87 772G LVQW XSDA T6F0', 30.12);
insert into bank.clientCompte(idClient, ibanCompte) values (68, 'LU87 772G LVQW XSDA T6F0');
insert into bank.clientCompte(idClient, ibanCompte) values (43, 'LU87 772G LVQW XSDA T6F0');
insert into bank.compte (ibanCompte, solde) values ('HR38 8275 3141 9148 8131 2', -1051.08);
insert into bank.clientCompte(idClient, ibanCompte) values (69, 'HR38 8275 3141 9148 8131 2');
insert into bank.compte (ibanCompte, solde) values ('GL09 5112 3485 7391 11', 10064.3);
insert into bank.clientCompte(idClient, ibanCompte) values (69, 'GL09 5112 3485 7391 11');
insert into bank.compte (ibanCompte, solde) values ('GL42 7353 5057 3763 56', -2430.42);
insert into bank.clientCompte(idClient, ibanCompte) values (70, 'GL42 7353 5057 3763 56');
insert into bank.clientCompte(idClient, ibanCompte) values (71, 'GL42 7353 5057 3763 56');
insert into bank.compte (ibanCompte, solde) values ('FR23 1343 6585 50AX M0ZV 7R3M R90', 10812.3);
insert into bank.clientCompte(idClient, ibanCompte) values (71, 'FR23 1343 6585 50AX M0ZV 7R3M R90');
insert into bank.compte (ibanCompte, solde) values ('CY90 8032 1823 U7QG 4ICC MFZZ ZIUM', 12039.05);
insert into bank.clientCompte(idClient, ibanCompte) values (71, 'CY90 8032 1823 U7QG 4ICC MFZZ ZIUM');
insert into bank.compte (ibanCompte, solde) values ('LB93 4825 JUOP UIBV DJ8A BH46 K1VX', -2415.05);
insert into bank.clientCompte(idClient, ibanCompte) values (71, 'LB93 4825 JUOP UIBV DJ8A BH46 K1VX');
insert into bank.clientCompte(idClient, ibanCompte) values (72, 'LB93 4825 JUOP UIBV DJ8A BH46 K1VX');
insert into bank.compte (ibanCompte, solde) values ('PS81 JBET 66EW P5S5 KQDA COHO YUYU Q', 11975.09);
insert into bank.clientCompte(idClient, ibanCompte) values (72, 'PS81 JBET 66EW P5S5 KQDA COHO YUYU Q');
insert into bank.compte (ibanCompte, solde) values ('IS65 2336 8213 5687 5792 0674 73', -1217.54);
insert into bank.clientCompte(idClient, ibanCompte) values (72, 'IS65 2336 8213 5687 5792 0674 73');
insert into bank.clientCompte(idClient, ibanCompte) values (71, 'IS65 2336 8213 5687 5792 0674 73');
insert into bank.compte (ibanCompte, solde) values ('LI12 6458 6SG0 QHYB U4B2 O', 3103.23);
insert into bank.clientCompte(idClient, ibanCompte) values (72, 'LI12 6458 6SG0 QHYB U4B2 O');
insert into bank.compte (ibanCompte, solde) values ('FI51 0695 6224 0232 91', 13692.86);
insert into bank.clientCompte(idClient, ibanCompte) values (73, 'FI51 0695 6224 0232 91');
insert into bank.compte (ibanCompte, solde) values ('AT58 8018 7340 5578 5894', 8549.42);
insert into bank.clientCompte(idClient, ibanCompte) values (73, 'AT58 8018 7340 5578 5894');
insert into bank.clientCompte(idClient, ibanCompte) values (4, 'AT58 8018 7340 5578 5894');
insert into bank.compte (ibanCompte, solde) values ('HU72 0531 3008 4394 1439 8960 7619', 522.84);
insert into bank.clientCompte(idClient, ibanCompte) values (74, 'HU72 0531 3008 4394 1439 8960 7619');
insert into bank.compte (ibanCompte, solde) values ('BR79 6210 5823 8853 3604 9453 889G F', 6779.42);
insert into bank.clientCompte(idClient, ibanCompte) values (74, 'BR79 6210 5823 8853 3604 9453 889G F');
insert into bank.clientCompte(idClient, ibanCompte) values (7, 'BR79 6210 5823 8853 3604 9453 889G F');
insert into bank.compte (ibanCompte, solde) values ('ES70 3348 7894 4552 5068 2310', 10651.64);
insert into bank.clientCompte(idClient, ibanCompte) values (74, 'ES70 3348 7894 4552 5068 2310');
insert into bank.compte (ibanCompte, solde) values ('AD93 3822 3383 4552 S0RO 6224', 9417.51);
insert into bank.clientCompte(idClient, ibanCompte) values (75, 'AD93 3822 3383 4552 S0RO 6224');
insert into bank.compte (ibanCompte, solde) values ('DK02 1961 7747 8396 30', 5089.53);
insert into bank.clientCompte(idClient, ibanCompte) values (75, 'DK02 1961 7747 8396 30');
insert into bank.clientCompte(idClient, ibanCompte) values (25, 'DK02 1961 7747 8396 30');
insert into bank.compte (ibanCompte, solde) values ('MT73 RNRO 9240 9IW3 RFFI CFEE ZTCV 88A', 2990.24);
insert into bank.clientCompte(idClient, ibanCompte) values (76, 'MT73 RNRO 9240 9IW3 RFFI CFEE ZTCV 88A');
insert into bank.compte (ibanCompte, solde) values ('AE71 8266 0965 7301 7494 478', 8174.69);
insert into bank.clientCompte(idClient, ibanCompte) values (76, 'AE71 8266 0965 7301 7494 478');
insert into bank.compte (ibanCompte, solde) values ('FI86 2204 9979 1208 75', -1695.35);
insert into bank.clientCompte(idClient, ibanCompte) values (76, 'FI86 2204 9979 1208 75');
insert into bank.clientCompte(idClient, ibanCompte) values (16, 'FI86 2204 9979 1208 75');
insert into bank.compte (ibanCompte, solde) values ('TR89 8776 047A 7GQB HWQO GB5J DY', 4476.71);
insert into bank.clientCompte(idClient, ibanCompte) values (77, 'TR89 8776 047A 7GQB HWQO GB5J DY');
insert into bank.compte (ibanCompte, solde) values ('BE20 7646 8213 0143', -2359.96);
insert into bank.clientCompte(idClient, ibanCompte) values (77, 'BE20 7646 8213 0143');
insert into bank.compte (ibanCompte, solde) values ('LU36 156R 358I PN19 SN4N', 4021.58);
insert into bank.clientCompte(idClient, ibanCompte) values (77, 'LU36 156R 358I PN19 SN4N');
insert into bank.clientCompte(idClient, ibanCompte) values (12, 'LU36 156R 358I PN19 SN4N');
insert into bank.compte (ibanCompte, solde) values ('PS04 SGIW NTEC BR78 JI56 UHZO XZEE P', -1559.94);
insert into bank.clientCompte(idClient, ibanCompte) values (78, 'PS04 SGIW NTEC BR78 JI56 UHZO XZEE P');
insert into bank.compte (ibanCompte, solde) values ('CR86 7533 4854 0739 4628 7', -310.48);
insert into bank.clientCompte(idClient, ibanCompte) values (78, 'CR86 7533 4854 0739 4628 7');
insert into bank.clientCompte(idClient, ibanCompte) values (74, 'CR86 7533 4854 0739 4628 7');
insert into bank.compte (ibanCompte, solde) values ('EE06 8056 3919 9125 3696', 1561.44);
insert into bank.clientCompte(idClient, ibanCompte) values (79, 'EE06 8056 3919 9125 3696');
insert into bank.compte (ibanCompte, solde) values ('GR30 5888 784S HB4M YVW3 LFLS O89', 5442.53);
insert into bank.clientCompte(idClient, ibanCompte) values (79, 'GR30 5888 784S HB4M YVW3 LFLS O89');
insert into bank.clientCompte(idClient, ibanCompte) values (77, 'GR30 5888 784S HB4M YVW3 LFLS O89');
insert into bank.compte (ibanCompte, solde) values ('MR76 1635 1306 9812 6466 1547 050', 14018.44);
insert into bank.clientCompte(idClient, ibanCompte) values (79, 'MR76 1635 1306 9812 6466 1547 050');
insert into bank.compte (ibanCompte, solde) values ('FR41 3467 5982 66RJ N1XW HGY3 U27', 1268.55);
insert into bank.clientCompte(idClient, ibanCompte) values (79, 'FR41 3467 5982 66RJ N1XW HGY3 U27');
insert into bank.compte (ibanCompte, solde) values ('AT72 5652 7183 5346 0910', 2984.84);
insert into bank.clientCompte(idClient, ibanCompte) values (80, 'AT72 5652 7183 5346 0910');
insert into bank.clientCompte(idClient, ibanCompte) values (81, 'AT72 5652 7183 5346 0910');
insert into bank.compte (ibanCompte, solde) values ('SE61 6709 2150 3542 7921 0111', 2657.03);
insert into bank.clientCompte(idClient, ibanCompte) values (80, 'SE61 6709 2150 3542 7921 0111');
insert into bank.compte (ibanCompte, solde) values ('SA37 844O BAFK AX2H KQBJ 0OIQ', -775.63);
insert into bank.clientCompte(idClient, ibanCompte) values (80, 'SA37 844O BAFK AX2H KQBJ 0OIQ');
insert into bank.compte (ibanCompte, solde) values ('SM71 X525 6495 435M A9X8 K4XF NRU', 8309.7);
insert into bank.clientCompte(idClient, ibanCompte) values (81, 'SM71 X525 6495 435M A9X8 K4XF NRU');
insert into bank.clientCompte(idClient, ibanCompte) values (82, 'SM71 X525 6495 435M A9X8 K4XF NRU');
insert into bank.compte (ibanCompte, solde) values ('BE53 9228 7004 8194', 10884.86);
insert into bank.clientCompte(idClient, ibanCompte) values (81, 'BE53 9228 7004 8194');
insert into bank.compte (ibanCompte, solde) values ('LU48 540G BFJK DVEV KILS', 6002.22);
insert into bank.clientCompte(idClient, ibanCompte) values (82, 'LU48 540G BFJK DVEV KILS');
insert into bank.clientCompte(idClient, ibanCompte) values (83, 'LU48 540G BFJK DVEV KILS');
insert into bank.compte (ibanCompte, solde) values ('CY16 2624 4536 NQIL DEVE TEXY NRE8', 14211.12);
insert into bank.clientCompte(idClient, ibanCompte) values (82, 'CY16 2624 4536 NQIL DEVE TEXY NRE8');
insert into bank.compte (ibanCompte, solde) values ('AE92 4168 1891 0521 4075 196', -3563.52);
insert into bank.clientCompte(idClient, ibanCompte) values (82, 'AE92 4168 1891 0521 4075 196');
insert into bank.clientCompte(idClient, ibanCompte) values (84, 'AE92 4168 1891 0521 4075 196');
insert into bank.compte (ibanCompte, solde) values ('KW06 OONY WDJB YV8B ZYKS 05ZJ NIRO HP', -159.23);
insert into bank.clientCompte(idClient, ibanCompte) values (83, 'KW06 OONY WDJB YV8B ZYKS 05ZJ NIRO HP');
insert into bank.compte (ibanCompte, solde) values ('BR38 2242 8165 3275 4489 8778 270P O', 4711.14);
insert into bank.clientCompte(idClient, ibanCompte) values (83, 'BR38 2242 8165 3275 4489 8778 270P O');
insert into bank.compte (ibanCompte, solde) values ('KW57 CDPM ILZZ 9EVO O8XO 12U0 MXIH GP', 106.58);
insert into bank.clientCompte(idClient, ibanCompte) values (84, 'KW57 CDPM ILZZ 9EVO O8XO 12U0 MXIH GP');
insert into bank.compte (ibanCompte, solde) values ('MT94 QDIR 7993 0AN5 2LF0 0ZZE ZKBC GAV', 5272.88);
insert into bank.clientCompte(idClient, ibanCompte) values (84, 'MT94 QDIR 7993 0AN5 2LF0 0ZZE ZKBC GAV');
insert into bank.clientCompte(idClient, ibanCompte) values (81, 'MT94 QDIR 7993 0AN5 2LF0 0ZZE ZKBC GAV');
insert into bank.compte (ibanCompte, solde) values ('SA73 99SA XVQW Y0RH UXBY HTF9', -2856.14);
insert into bank.clientCompte(idClient, ibanCompte) values (84, 'SA73 99SA XVQW Y0RH UXBY HTF9');
insert into bank.compte (ibanCompte, solde) values ('MR04 8104 8969 6218 3947 2804 900', 4181.12);
insert into bank.clientCompte(idClient, ibanCompte) values (84, 'MR04 8104 8969 6218 3947 2804 900');
insert into bank.compte (ibanCompte, solde) values ('TR88 4664 7OA5 LE1A 3VHP YUMF I7', 2181.14);
insert into bank.clientCompte(idClient, ibanCompte) values (85, 'TR88 4664 7OA5 LE1A 3VHP YUMF I7');
insert into bank.clientCompte(idClient, ibanCompte) values (89, 'TR88 4664 7OA5 LE1A 3VHP YUMF I7');
insert into bank.compte (ibanCompte, solde) values ('CH06 3446 7Q4P WH5W 9OHP Q', 7623.12);
insert into bank.clientCompte(idClient, ibanCompte) values (85, 'CH06 3446 7Q4P WH5W 9OHP Q');
insert into bank.compte (ibanCompte, solde) values ('DO81 2QE9 1884 7190 5685 8431 1897', 2134.39);
insert into bank.clientCompte(idClient, ibanCompte) values (85, 'DO81 2QE9 1884 7190 5685 8431 1897');
insert into bank.compte (ibanCompte, solde) values ('GB26 NVJY 1884 0895 9279 9986 464', 7827.96);
insert into bank.clientCompte(idClient, ibanCompte) values (86, 'GB26 NVJY 1884 0895 9279 9986 464');
insert into bank.clientCompte(idClient, ibanCompte) values (8, 'GB26 NVJY 1884 0895 9279 9986 464');
insert into bank.compte (ibanCompte, solde) values ('TR88 NVJY 6871 0895 9279 99', -1678.36);
insert into bank.clientCompte(idClient, ibanCompte) values (86, 'TR88 NVJY 6871 0895 9279 99');
insert into bank.compte (ibanCompte, solde) values ('HR43 1908 7761 0676 1010 4', 11658.6);
insert into bank.clientCompte(idClient, ibanCompte) values (87, 'HR43 1908 7761 0676 1010 4');
insert into bank.clientCompte(idClient, ibanCompte) values (7, 'HR43 1908 7761 0676 1010 4');
insert into bank.compte (ibanCompte, solde) values ('TR88 NTZM 6351 0895 9279 99', 6913.85);
insert into bank.clientCompte(idClient, ibanCompte) values (87, 'TR88 NTZM 6351 0895 9279 99');
insert into bank.compte (ibanCompte, solde) values ('FR59 7841 0363 04JH SHKC 70HA F74', 12577.81);
insert into bank.clientCompte(idClient, ibanCompte) values (87, 'FR59 7841 0363 04JH SHKC 70HA F74');
insert into bank.compte (ibanCompte, solde) values ('FR21 3354 8492 92K5 O67H AAKB R62', 2866.17);
insert into bank.clientCompte(idClient, ibanCompte) values (88, 'FR21 3354 8492 92K5 O67H AAKB R62');
insert into bank.clientCompte(idClient, ibanCompte) values (8, 'FR21 3354 8492 92K5 O67H AAKB R62');
insert into bank.compte (ibanCompte, solde) values ('FR59 2966 0181 49VP KW7X GV6L W06', 3140.41);
insert into bank.clientCompte(idClient, ibanCompte) values (88, 'FR59 2966 0181 49VP KW7X GV6L W06');
insert into bank.compte (ibanCompte, solde) values ('MR36 8195 3766 3207 7838 6753 621', 7040.27);
insert into bank.clientCompte(idClient, ibanCompte) values (89, 'MR36 8195 3766 3207 7838 6753 621');
insert into bank.compte (ibanCompte, solde) values ('CH02 3430 4SCG YXNX U6WO W', 4808.46);
insert into bank.clientCompte(idClient, ibanCompte) values (89, 'CH02 3430 4SCG YXNX U6WO W');
insert into bank.clientCompte(idClient, ibanCompte) values (9, 'CH02 3430 4SCG YXNX U6WO W');
insert into bank.compte (ibanCompte, solde) values ('MK78 973Y JTT7 UB83 Y77', -2054.6);
insert into bank.clientCompte(idClient, ibanCompte) values (90, 'MK78 973Y JTT7 UB83 Y77');
insert into bank.compte (ibanCompte, solde) values ('NO58 0922 1536 408', 10011.14);
insert into bank.clientCompte(idClient, ibanCompte) values (90, 'NO58 0922 1536 408');
insert into bank.compte (ibanCompte, solde) values ('FR36 5925 0828 98WK O32L 1BDJ X59', 599.39);
insert into bank.clientCompte(idClient, ibanCompte) values (91, 'FR36 5925 0828 98WK O32L 1BDJ X59');
insert into bank.clientCompte(idClient, ibanCompte) values (41, 'FR36 5925 0828 98WK O32L 1BDJ X59');
insert into bank.compte (ibanCompte, solde) values ('FR92 7752 0337 19CZ OHJM TVPJ 947', 4011.31);
insert into bank.clientCompte(idClient, ibanCompte) values (91, 'FR92 7752 0337 19CZ OHJM TVPJ 947');
insert into bank.compte (ibanCompte, solde) values ('IS98 1551 2747 3040 9250 4173 83', 689.21);
insert into bank.clientCompte(idClient, ibanCompte) values (92, 'IS98 1551 2747 3040 9250 4173 83');
insert into bank.compte (ibanCompte, solde) values ('EE60 3002 4428 7737 1647', 3227.77);
insert into bank.clientCompte(idClient, ibanCompte) values (92, 'EE60 3002 4428 7737 1647');
insert into bank.clientCompte(idClient, ibanCompte) values (62, 'EE60 3002 4428 7737 1647');
insert into bank.compte (ibanCompte, solde) values ('ME29 0938 8522 3250 7608 86', -690.35);
insert into bank.clientCompte(idClient, ibanCompte) values (93, 'ME29 0938 8522 3250 7608 86');
insert into bank.compte (ibanCompte, solde) values ('CZ35 2828 1983 5934 8282 6381', 8895.86);
insert into bank.clientCompte(idClient, ibanCompte) values (93, 'CZ35 2828 1983 5934 8282 6381');
insert into bank.compte (ibanCompte, solde) values ('NO33 6527 6378 754', 5869.81);
insert into bank.clientCompte(idClient, ibanCompte) values (94, 'NO33 6527 6378 754');
insert into bank.clientCompte(idClient, ibanCompte) values (93, 'NO33 6527 6378 754');
insert into bank.compte (ibanCompte, solde) values ('GT03 EMGF MLWM 9LNU S8YM 8CRU FJRY', -3876.24);
insert into bank.clientCompte(idClient, ibanCompte) values (94, 'GT03 EMGF MLWM 9LNU S8YM 8CRU FJRY');
insert into bank.compte (ibanCompte, solde) values ('KZ77 841M D1WQ QD6A RY8X', 2336.41);
insert into bank.clientCompte(idClient, ibanCompte) values (94, 'KZ77 841M D1WQ QD6A RY8X');
insert into bank.compte (ibanCompte, solde) values ('GB62 GPGV 6028 9230 6428 62', 18.23);
insert into bank.clientCompte(idClient, ibanCompte) values (95, 'GB62 GPGV 6028 9230 6428 62');
insert into bank.clientCompte(idClient, ibanCompte) values (93, 'GB62 GPGV 6028 9230 6428 62');
insert into bank.compte (ibanCompte, solde) values ('MR28 1185 0747 6721 6033 1926 775', 14207.2);
insert into bank.clientCompte(idClient, ibanCompte) values (95, 'MR28 1185 0747 6721 6033 1926 775');
insert into bank.compte (ibanCompte, solde) values ('NO63 6163 0444 549', 12183.03);
insert into bank.clientCompte(idClient, ibanCompte) values (95, 'NO63 6163 0444 549');
insert into bank.compte (ibanCompte, solde) values ('TN15 5939 3539 0869 7744 7149', 10783.94);
insert into bank.clientCompte(idClient, ibanCompte) values (96, 'TN15 5939 3539 0869 7744 7149');
insert into bank.compte (ibanCompte, solde) values ('RS23 2036 6011 2512 0017 54', 4399.3);
insert into bank.clientCompte(idClient, ibanCompte) values (96, 'RS23 2036 6011 2512 0017 54');
insert into bank.clientCompte(idClient, ibanCompte) values (94, 'RS23 2036 6011 2512 0017 54');
insert into bank.compte (ibanCompte, solde) values ('EE08 0482 3907 1857 3029', 11916.23);
insert into bank.clientCompte(idClient, ibanCompte) values (96, 'EE08 0482 3907 1857 3029');
insert into bank.compte (ibanCompte, solde) values ('GI88 LEWB QECK Q6LJ UKV9 QXF', 12450.55);
insert into bank.clientCompte(idClient, ibanCompte) values (96, 'GI88 LEWB QECK Q6LJ UKV9 QXF');
insert into bank.compte (ibanCompte, solde) values ('GT35 P7US 81YS UNLQ HHKL V78N VHBT', 13693.02);
insert into bank.clientCompte(idClient, ibanCompte) values (97, 'GT35 P7US 81YS UNLQ HHKL V78N VHBT');
insert into bank.clientCompte(idClient, ibanCompte) values (9, 'GT35 P7US 81YS UNLQ HHKL V78N VHBT');
insert into bank.compte (ibanCompte, solde) values ('VG36 SVXQ 0903 9275 3677 0451', -693.31);
insert into bank.clientCompte(idClient, ibanCompte) values (97, 'VG36 SVXQ 0903 9275 3677 0451');
insert into bank.compte (ibanCompte, solde) values ('AD83 9950 4208 JRNC PCBH GVFG', -3634.27);
insert into bank.clientCompte(idClient, ibanCompte) values (97, 'AD83 9950 4208 JRNC PCBH GVFG');
insert into bank.compte (ibanCompte, solde) values ('SM39 M867 7080 325Q RGHU ZTBC 792', 2701.43);
insert into bank.clientCompte(idClient, ibanCompte) values (97, 'SM39 M867 7080 325Q RGHU ZTBC 792');
insert into bank.clientCompte(idClient, ibanCompte) values (5, 'SM39 M867 7080 325Q RGHU ZTBC 792');
insert into bank.compte (ibanCompte, solde) values ('MT39 LBLT 5943 8GFN RN5V TLIG BJW6 KJX', 10794.56);
insert into bank.clientCompte(idClient, ibanCompte) values (98, 'MT39 LBLT 5943 8GFN RN5V TLIG BJW6 KJX');
insert into bank.compte (ibanCompte, solde) values ('AD10 5041 6202 03V4 GTAT 3XGL', 2245.91);
insert into bank.clientCompte(idClient, ibanCompte) values (98, 'AD10 5041 6202 03V4 GTAT 3XGL');
insert into bank.clientCompte(idClient, ibanCompte) values (48, 'AD10 5041 6202 03V4 GTAT 3XGL');
insert into bank.compte (ibanCompte, solde) values ('ES05 4741 7251 2696 2624 6554', 13963.58);
insert into bank.clientCompte(idClient, ibanCompte) values (98, 'ES05 4741 7251 2696 2624 6554');
insert into bank.compte (ibanCompte, solde) values ('MD35 WFKT 3YYE MLVT JW05 MJTW', 1197.66);
insert into bank.clientCompte(idClient, ibanCompte) values (98, 'MD35 WFKT 3YYE MLVT JW05 MJTW');
insert into bank.compte (ibanCompte, solde) values ('MD35 GUZK 3YYE FUOR JW05 2624', 3885.28);
insert into bank.clientCompte(idClient, ibanCompte) values (99, 'MD35 GUZK 3YYE FUOR JW05 2624');
insert into bank.clientCompte(idClient, ibanCompte) values (96, 'MD35 GUZK 3YYE FUOR JW05 2624');
insert into bank.compte (ibanCompte, solde) values ('MT10 DIOK 5170 4U6J AKJ0 PRFT A3X8 UOZ', -3476.59);
insert into bank.clientCompte(idClient, ibanCompte) values (99, 'MT10 DIOK 5170 4U6J AKJ0 PRFT A3X8 UOZ');
insert into bank.compte (ibanCompte, solde) values ('GE55 TK60 4641 7357 4716 18', 5395.89);
insert into bank.clientCompte(idClient, ibanCompte) values (99, 'GE55 TK60 4641 7357 4716 18');
insert into bank.clientCompte(idClient, ibanCompte) values (69, 'GE55 TK60 4641 7357 4716 18');
insert into bank.compte (ibanCompte, solde) values ('LT04 9005 7908 9662 8382', 13537.52);
insert into bank.clientCompte(idClient, ibanCompte) values (99, 'LT04 9005 7908 9662 8382');
insert into bank.compte (ibanCompte, solde) values ('SM40 S092 3828 418I AUGY QBN8 UR4', 2682.01);
insert into bank.clientCompte(idClient, ibanCompte) values (99, 'SM40 S092 3828 418I AUGY QBN8 UR4');
insert into bank.clientCompte(idClient, ibanCompte) values (100, 'SM40 S092 3828 418I AUGY QBN8 UR4');
insert into bank.compte (ibanCompte, solde) values ('FR42 8239 6612 70LU R7SR Z95Z T75', 262.73);
insert into bank.clientCompte(idClient, ibanCompte) values (100, 'FR42 8239 6612 70LU R7SR Z95Z T75');
insert into bank.compte (ibanCompte, solde) values ('TN74 5460 4436 2490 3416 3831', 4127.47);
insert into bank.clientCompte(idClient, ibanCompte) values (100, 'TN74 5460 4436 2490 3416 3831');
insert into bank.clientCompte(idClient, ibanCompte) values (10, 'TN74 5460 4436 2490 3416 3831');
insert into bank.compte (ibanCompte, solde) values ('VG11 NHPB 2706 2527 6697 5178', 2501.5);
insert into bank.clientCompte(idClient, ibanCompte) values (100, 'VG11 NHPB 2706 2527 6697 5178');
insert into bank.compte (ibanCompte, solde) values ('AD96 4099 0229 LZ3W VFVT UAVG', 11932.13);
insert into bank.clientCompte(idClient, ibanCompte) values (100, 'AD96 4099 0229 LZ3W VFVT UAVG');
insert into bank.clientCompte(idClient, ibanCompte) values (30, 'AD96 4099 0229 LZ3W VFVT UAVG');
insert into bank.compte (ibanCompte, solde) values ('EE77 1583 8216 3846 5637', -1655.22);
insert into bank.clientCompte(idClient, ibanCompte) values (100, 'EE77 1583 8216 3846 5637');
insert into bank.compte (ibanCompte, solde) values ('GI10 XQXU K8QP LEHI NWMW GEB', 8710.52);
insert into bank.clientCompte(idClient, ibanCompte) values (100, 'GI10 XQXU K8QP LEHI NWMW GEB');
insert into bank.clientCompte(idClient, ibanCompte) values (20, 'GI10 XQXU K8QP LEHI NWMW GEB');
insert into bank.compte (ibanCompte, solde) values ('BE87 3823 3272 3578', 12761.86);
insert into bank.clientCompte(idClient, ibanCompte) values (1, 'BE87 3823 3272 3578');
insert into bank.clientCompte(idClient, ibanCompte) values (5, 'BE87 3823 3272 3578');
insert into bank.compte (ibanCompte, solde) values ('GI10 0118 8074 0520 1055 6478 795M I', 5015.95);
insert into bank.clientCompte(idClient, ibanCompte) values (2, 'GI10 0118 8074 0520 1055 6478 795M I');
insert into bank.compte (ibanCompte, solde) values ('BE87 3823 8074 3578 1055', -84.61);
insert into bank.clientCompte(idClient, ibanCompte) values (9, 'BE87 3823 8074 3578 1055');
insert into bank.clientCompte(idClient, ibanCompte) values (1, 'BE87 3823 8074 3578 1055');
insert into bank.compte (ibanCompte, solde) values ('FR41 8208 6297 44JG E2ZI TGRM M47', 14128.08);
insert into bank.clientCompte(idClient, ibanCompte) values (8, 'FR41 8208 6297 44JG E2ZI TGRM M47');
insert into bank.compte (ibanCompte, solde) values ('BG59 WOIK 8998 14W2 WZCT 3A', 2690.42);
insert into bank.clientCompte(idClient, ibanCompte) values (76, 'BG59 WOIK 8998 14W2 WZCT 3A');
insert into bank.clientCompte(idClient, ibanCompte) values (36, 'BG59 WOIK 8998 14W2 WZCT 3A');
insert into bank.compte (ibanCompte, solde) values ('AZ08 MWET FBHW MUIU PG75 WDOC GYVC', -1718.34);
insert into bank.clientCompte(idClient, ibanCompte) values (62, 'AZ08 MWET FBHW MUIU PG75 WDOC GYVC');
insert into bank.compte (ibanCompte, solde) values ('SA39 85TG NGHQ CPSR 86U3 0FZL', 5974.8);
insert into bank.clientCompte(idClient, ibanCompte) values (59, 'SA39 85TG NGHQ CPSR 86U3 0FZL');
insert into bank.compte (ibanCompte, solde) values ('GL46 2760 6489 8012 00', -938.7);
insert into bank.clientCompte(idClient, ibanCompte) values (90, 'GL46 2760 6489 8012 00');
insert into bank.compte (ibanCompte, solde) values ('SM86 H912 6194 089U QEPW UOSG AYU', 10308.17);
insert into bank.clientCompte(idClient, ibanCompte) values (12, 'SM86 H912 6194 089U QEPW UOSG AYU');
insert into bank.clientCompte(idClient, ibanCompte) values (15, 'SM86 H912 6194 089U QEPW UOSG AYU');
insert into bank.compte (ibanCompte, solde) values ('FI82 1464 2505 6035 42', 7409.49);
insert into bank.clientCompte(idClient, ibanCompte) values (24, 'FI82 1464 2505 6035 42');
insert into bank.compte (ibanCompte, solde) values ('BG42 BSWV 3345 74YM AKWQ AG', 473.83);
insert into bank.clientCompte(idClient, ibanCompte) values (54, 'BG42 BSWV 3345 74YM AKWQ AG');
insert into bank.clientCompte(idClient, ibanCompte) values (5, 'BG42 BSWV 3345 74YM AKWQ AG');
insert into bank.compte (ibanCompte, solde) values ('GB61 PRMV 6665 7076 7284 67', 7969.44);
insert into bank.clientCompte(idClient, ibanCompte) values (60, 'GB61 PRMV 6665 7076 7284 67');
insert into bank.compte (ibanCompte, solde) values ('MK67 616X KDDX DWO4 730', 7997.18);
insert into bank.clientCompte(idClient, ibanCompte) values (75, 'MK67 616X KDDX DWO4 730');
insert into bank.clientCompte(idClient, ibanCompte) values (65, 'MK67 616X KDDX DWO4 730');
insert into bank.compte (ibanCompte, solde) values ('CH16 3424 6RPZ 89GU HJCV K', 13333.1);
insert into bank.clientCompte(idClient, ibanCompte) values (32, 'CH16 3424 6RPZ 89GU HJCV K');
insert into bank.clientCompte(idClient, ibanCompte) values (2, 'CH16 3424 6RPZ 89GU HJCV K');
insert into bank.compte (ibanCompte, solde) values ('AT07 5355 7960 8814 2709', -1807.77);
insert into bank.clientCompte(idClient, ibanCompte) values (7, 'AT07 5355 7960 8814 2709');
insert into bank.clientCompte(idClient, ibanCompte) values (3, 'AT07 5355 7960 8814 2709');
insert into bank.compte (ibanCompte, solde) values ('GI45 JMAC QVI5 RWWG HUWZ HH6', 10412.49);
insert into bank.clientCompte(idClient, ibanCompte) values (3, 'GI45 JMAC QVI5 RWWG HUWZ HH6');
insert into bank.compte (ibanCompte, solde) values ('FR36 1517 2593 64ZH JFNQ MAHF R67', 10127.5);
insert into bank.clientCompte(idClient, ibanCompte) values (53, 'FR36 1517 2593 64ZH JFNQ MAHF R67');
insert into bank.clientCompte(idClient, ibanCompte) values (39, 'FR36 1517 2593 64ZH JFNQ MAHF R67');
